case,N,q,gap,delta,epsilon,variance,method,runs,fraction,errors,error_upper
N1000_q0.05_o-0.002,1000,0.05,0.002,0.018000000000000002,0.02,0.049676000000000005,direct_betting,300,0.99484,0,0.012220974694293552
N1000_q0.05_o-0.002,1000,0.05,0.002,0.018000000000000002,0.02,0.049676000000000005,eb_grid,300,0.99896,0,0.012220974694293552
N1000_q0.05_o-0.002,1000,0.05,0.002,0.018000000000000002,0.02,0.049676000000000005,planned_gaussian,300,0.5833333333333334,1,0.018431252048067885
N1000_q0.05_o-0.004,1000,0.05,0.004,0.016,0.02,0.049744000000000003,direct_betting,300,0.9841933333333333,0,0.012220974694293552
N1000_q0.05_o-0.004,1000,0.05,0.004,0.016,0.02,0.049744000000000003,eb_grid,300,0.9963533333333333,0,0.012220974694293552
N1000_q0.05_o-0.004,1000,0.05,0.004,0.016,0.02,0.049744000000000003,planned_gaussian,300,0.65251,0,0.012220974694293552
N1000_q0.05_o-0.01,1000,0.05,0.01,0.01,0.02,0.049899999999999,direct_betting,300,0.8644166666666666,0,0.012220974694293552
N1000_q0.05_o-0.01,1000,0.05,0.01,0.01,0.02,0.049899999999999,eb_grid,300,0.94584,0,0.012220974694293552
N1000_q0.05_o-0.01,1000,0.05,0.01,0.01,0.02,0.049899999999999,planned_gaussian,300,0.59286,0,0.012220974694293552
N1000_q0.05_o-0.02,1000,0.05,0.02,0.0,0.02,0.05,direct_betting,300,0.7136,0,0.012220974694293552
N1000_q0.05_o-0.02,1000,0.05,0.02,0.0,0.02,0.05,eb_grid,300,0.8252433333333333,0,0.012220974694293552
N1000_q0.05_o-0.02,1000,0.05,0.02,0.0,0.02,0.05,planned_gaussian,300,0.47133,0,0.012220974694293552
N1000_q0.05_o0,1000,0.05,0.0,0.02,0.02,0.049599999999999006,direct_betting,300,1.0,0,0.012220974694293552
N1000_q0.05_o0,1000,0.05,0.0,0.02,0.02,0.049599999999999006,eb_grid,300,1.0,0,0.012220974694293552
N1000_q0.05_o0,1000,0.05,0.0,0.02,0.02,0.049599999999999006,planned_gaussian,300,0.6644066666666667,0,0.012220974694293552
N1000_q0.05_o0.002,1000,0.05,0.001999999999999,0.022,0.02,0.049516000000000004,direct_betting,300,0.9972966666666667,0,0.012220974694293552
N1000_q0.05_o0.002,1000,0.05,0.001999999999999,0.022,0.02,0.049516000000000004,eb_grid,300,0.9990066666666667,0,0.012220974694293552
N1000_q0.05_o0.002,1000,0.05,0.001999999999999,0.022,0.02,0.049516000000000004,planned_gaussian,300,0.6087433333333333,119,0.45448874326587263
N1000_q0.05_o0.004,1000,0.05,0.004,0.024,0.02,0.049423999999999,direct_betting,300,0.9784966666666666,0,0.012220974694293552
N1000_q0.05_o0.004,1000,0.05,0.004,0.024,0.02,0.049423999999999,eb_grid,300,0.9963133333333334,0,0.012220974694293552
N1000_q0.05_o0.004,1000,0.05,0.004,0.024,0.02,0.049423999999999,planned_gaussian,300,0.6676333333333333,97,0.37948273277862027
N1000_q0.05_o0.01,1000,0.05,0.009999999999999001,0.03,0.02,0.049099999999999006,direct_betting,300,0.8464733333333334,0,0.012220974694293552
N1000_q0.05_o0.01,1000,0.05,0.009999999999999001,0.03,0.02,0.049099999999999006,eb_grid,300,0.9477033333333332,0,0.012220974694293552
N1000_q0.05_o0.01,1000,0.05,0.009999999999999001,0.03,0.02,0.049099999999999006,planned_gaussian,300,0.59109,98,0.38292229290809604
N1000_q0.05_o0.02,1000,0.05,0.02,0.04,0.02,0.048399999999999006,direct_betting,300,0.59616,0,0.012220974694293552
N1000_q0.05_o0.02,1000,0.05,0.02,0.04,0.02,0.048399999999999006,eb_grid,300,0.7591866666666667,0,0.012220974694293552
N1000_q0.05_o0.02,1000,0.05,0.02,0.04,0.02,0.048399999999999006,planned_gaussian,300,0.40713333333333335,93,0.36569392941528056
N1000_q0.3_o-0.002,1000,0.30000000000000004,0.002,0.018000000000000002,0.02,0.299676,direct_betting,300,0.99445,1,0.018431252048067885
N1000_q0.3_o-0.002,1000,0.30000000000000004,0.002,0.018000000000000002,0.02,0.299676,eb_grid,300,0.9987433333333333,0,0.012220974694293552
N1000_q0.3_o-0.002,1000,0.30000000000000004,0.002,0.018000000000000002,0.02,0.299676,planned_gaussian,300,0.9809900000000001,6,0.0430210826735169
N1000_q0.3_o-0.004,1000,0.30000000000000004,0.004,0.016,0.02,0.299744,direct_betting,300,0.9907866666666666,2,0.02387349757217365
N1000_q0.3_o-0.004,1000,0.30000000000000004,0.004,0.016,0.02,0.299744,eb_grid,300,0.9941766666666666,1,0.018431252048067885
N1000_q0.3_o-0.004,1000,0.30000000000000004,0.004,0.016,0.02,0.299744,planned_gaussian,300,0.9730933333333334,9,0.056183548241615776
N1000_q0.3_o-0.01,1000,0.30000000000000004,0.01,0.01,0.02,0.2999,direct_betting,300,0.9853866666666666,0,0.012220974694293552
N1000_q0.3_o-0.01,1000,0.30000000000000004,0.01,0.01,0.02,0.2999,eb_grid,300,0.9902766666666666,0,0.012220974694293552
N1000_q0.3_o-0.01,1000,0.30000000000000004,0.01,0.01,0.02,0.2999,planned_gaussian,300,0.9948133333333334,2,0.02387349757217365
N1000_q0.3_o-0.02,1000,0.30000000000000004,0.02,0.0,0.02,0.30000000000000004,direct_betting,300,0.9646733333333333,1,0.018431252048067885
N1000_q0.3_o-0.02,1000,0.30000000000000004,0.02,0.0,0.02,0.30000000000000004,eb_grid,300,0.9801799999999999,0,0.012220974694293552
N1000_q0.3_o-0.02,1000,0.30000000000000004,0.02,0.0,0.02,0.30000000000000004,planned_gaussian,300,0.9805166666666666,6,0.0430210826735169
N1000_q0.3_o0,1000,0.30000000000000004,0.0,0.02,0.02,0.29960000000000003,direct_betting,300,0.9913166666666666,3,0.028944511255692605
N1000_q0.3_o0,1000,0.30000000000000004,0.0,0.02,0.02,0.29960000000000003,eb_grid,300,1.0,0,0.012220974694293552
N1000_q0.3_o0,1000,0.30000000000000004,0.0,0.02,0.02,0.29960000000000003,planned_gaussian,300,0.9692,10,0.0604453222012656
N1000_q0.3_o0.002,1000,0.30000000000000004,0.001999999999999,0.022,0.02,0.299516,direct_betting,300,0.99716,0,0.012220974694293552
N1000_q0.3_o0.002,1000,0.30000000000000004,0.001999999999999,0.022,0.02,0.299516,eb_grid,300,0.9989266666666666,0,0.012220974694293552
N1000_q0.3_o0.002,1000,0.30000000000000004,0.001999999999999,0.022,0.02,0.299516,planned_gaussian,300,0.9774400000000001,1,0.018431252048067885
N1000_q0.3_o0.004,1000,0.30000000000000004,0.004,0.024,0.02,0.29942399999999997,direct_betting,300,0.98685,4,0.03378489626191785
N1000_q0.3_o0.004,1000,0.30000000000000004,0.004,0.024,0.02,0.29942399999999997,eb_grid,300,0.9968833333333333,0,0.012220974694293552
N1000_q0.3_o0.004,1000,0.30000000000000004,0.004,0.024,0.02,0.29942399999999997,planned_gaussian,300,0.9766366666666666,1,0.018431252048067885
N1000_q0.3_o0.01,1000,0.30000000000000004,0.009999999999999001,0.03,0.02,0.29909999999999903,direct_betting,300,0.9640799999999999,0,0.012220974694293552
N1000_q0.3_o0.01,1000,0.30000000000000004,0.009999999999999001,0.03,0.02,0.29909999999999903,eb_grid,300,0.98689,0,0.012220974694293552
N1000_q0.3_o0.01,1000,0.30000000000000004,0.009999999999999001,0.03,0.02,0.29909999999999903,planned_gaussian,300,0.9564,0,0.012220974694293552
N1000_q0.3_o0.02,1000,0.30000000000000004,0.02,0.04,0.02,0.2984,direct_betting,300,0.8568833333333333,0,0.012220974694293552
N1000_q0.3_o0.02,1000,0.30000000000000004,0.02,0.04,0.02,0.2984,eb_grid,300,0.9423366666666667,0,0.012220974694293552
N1000_q0.3_o0.02,1000,0.30000000000000004,0.02,0.04,0.02,0.2984,planned_gaussian,300,0.8726766666666667,2,0.02387349757217365
N1000_q0.3_o0.04,1000,0.30000000000000004,0.039999999999999,0.06,0.02,0.296399999999999,direct_betting,300,0.6106833333333334,0,0.012220974694293552
N1000_q0.3_o0.04,1000,0.30000000000000004,0.039999999999999,0.06,0.02,0.296399999999999,eb_grid,300,0.74578,0,0.012220974694293552
N1000_q0.3_o0.04,1000,0.30000000000000004,0.039999999999999,0.06,0.02,0.296399999999999,planned_gaussian,300,0.6432366666666667,0,0.012220974694293552
N1000_q0.8_o-0.002,1000,0.8,0.002,0.018000000000000002,0.02,0.799675999999999,direct_betting,300,0.9793299999999999,7,0.047482565029781855
N1000_q0.8_o-0.002,1000,0.8,0.002,0.018000000000000002,0.02,0.799675999999999,eb_grid,300,0.9985766666666666,0,0.012220974694293552
N1000_q0.8_o-0.002,1000,0.8,0.002,0.018000000000000002,0.02,0.799675999999999,planned_gaussian,300,0.9670533333333333,13,0.0729614642202821
N1000_q0.8_o-0.004,1000,0.8,0.004,0.016,0.02,0.799744,direct_betting,300,0.9815933333333333,5,0.038463744964996424
N1000_q0.8_o-0.004,1000,0.8,0.004,0.016,0.02,0.799744,eb_grid,300,0.9965833333333334,0,0.012220974694293552
N1000_q0.8_o-0.004,1000,0.8,0.004,0.016,0.02,0.799744,planned_gaussian,300,0.9642933333333333,12,0.0688289881894961
N1000_q0.8_o-0.01,1000,0.8,0.01,0.01,0.02,0.7998999999999991,direct_betting,300,0.9873166666666666,1,0.018431252048067885
N1000_q0.8_o-0.01,1000,0.8,0.01,0.01,0.02,0.7998999999999991,eb_grid,300,0.9904166666666666,0,0.012220974694293552
N1000_q0.8_o-0.01,1000,0.8,0.01,0.01,0.02,0.7998999999999991,planned_gaussian,300,0.9743733333333334,8,0.05186581196093096
N1000_q0.8_o-0.02,1000,0.8,0.02,0.0,0.02,0.8,direct_betting,300,0.9768133333333333,2,0.02387349757217365
N1000_q0.8_o-0.02,1000,0.8,0.02,0.0,0.02,0.8,eb_grid,300,0.9833333333333333,0,0.012220974694293552
N1000_q0.8_o-0.02,1000,0.8,0.02,0.0,0.02,0.8,planned_gaussian,300,0.9746566666666666,8,0.05186581196093096
N1000_q0.8_o0,1000,0.8,0.0,0.02,0.02,0.7995999999999991,direct_betting,300,0.9985133333333333,1,0.018431252048067885
N1000_q0.8_o0,1000,0.8,0.0,0.02,0.02,0.7995999999999991,eb_grid,300,0.9997966666666668,1,0.018431252048067885
N1000_q0.8_o0,1000,0.8,0.0,0.02,0.02,0.7995999999999991,planned_gaussian,300,0.9783933333333332,8,0.05186581196093096
N1000_q0.8_o0.002,1000,0.8,0.001999999999999,0.022,0.02,0.7995160000000001,direct_betting,300,0.9947366666666666,5,0.038463744964996424
N1000_q0.8_o0.002,1000,0.8,0.001999999999999,0.022,0.02,0.7995160000000001,eb_grid,300,0.9989366666666666,0,0.012220974694293552
N1000_q0.8_o0.002,1000,0.8,0.001999999999999,0.022,0.02,0.7995160000000001,planned_gaussian,300,0.9673966666666667,4,0.03378489626191785
N1000_q0.8_o0.004,1000,0.8,0.004,0.024,0.02,0.799424,direct_betting,300,0.9824733333333334,2,0.02387349757217365
N1000_q0.8_o0.004,1000,0.8,0.004,0.024,0.02,0.799424,eb_grid,300,0.9967766666666668,0,0.012220974694293552
N1000_q0.8_o0.004,1000,0.8,0.004,0.024,0.02,0.799424,planned_gaussian,300,0.9506766666666666,3,0.028944511255692605
N1000_q0.8_o0.01,1000,0.8,0.009999999999999001,0.03,0.02,0.799099999999999,direct_betting,300,0.9758033333333332,4,0.03378489626191785
N1000_q0.8_o0.01,1000,0.8,0.009999999999999001,0.03,0.02,0.799099999999999,eb_grid,300,0.9871233333333334,0,0.012220974694293552
N1000_q0.8_o0.01,1000,0.8,0.009999999999999001,0.03,0.02,0.799099999999999,planned_gaussian,300,0.9424233333333333,5,0.038463744964996424
N1000_q0.8_o0.02,1000,0.8,0.02,0.04,0.02,0.7983999999999991,direct_betting,300,0.9456,1,0.018431252048067885
N1000_q0.8_o0.02,1000,0.8,0.02,0.04,0.02,0.7983999999999991,eb_grid,300,0.9708866666666668,0,0.012220974694293552
N1000_q0.8_o0.02,1000,0.8,0.02,0.04,0.02,0.7983999999999991,planned_gaussian,300,0.9464733333333334,2,0.02387349757217365
N1000_q0.8_o0.04,1000,0.8,0.039999999999999,0.06,0.02,0.7963999999999991,direct_betting,300,0.8453666666666667,1,0.018431252048067885
N1000_q0.8_o0.04,1000,0.8,0.039999999999999,0.06,0.02,0.7963999999999991,eb_grid,300,0.8946666666666666,0,0.012220974694293552
N1000_q0.8_o0.04,1000,0.8,0.039999999999999,0.06,0.02,0.7963999999999991,planned_gaussian,300,0.8607966666666665,0,0.012220974694293552
N5000_q0.05_o-0.002,5000,0.05,0.002,0.018000000000000002,0.02,0.049675999999999006,direct_betting,300,0.9649566666666668,1,0.018431252048067885
N5000_q0.05_o-0.002,5000,0.05,0.002,0.018000000000000002,0.02,0.049675999999999006,eb_grid,300,0.988984,0,0.012220974694293552
N5000_q0.05_o-0.002,5000,0.05,0.002,0.018000000000000002,0.02,0.049675999999999006,planned_gaussian,300,0.651554,1,0.018431252048067885
N5000_q0.05_o-0.004,5000,0.05,0.004,0.016,0.02,0.049744,direct_betting,300,0.8538893333333334,0,0.012220974694293552
N5000_q0.05_o-0.004,5000,0.05,0.004,0.016,0.02,0.049744,eb_grid,300,0.9232666666666667,0,0.012220974694293552
N5000_q0.05_o-0.004,5000,0.05,0.004,0.016,0.02,0.049744,planned_gaussian,300,0.5727099999999999,0,0.012220974694293552
N5000_q0.05_o-0.01,5000,0.05,0.01,0.01,0.02,0.04990000000000001,direct_betting,300,0.46676266666666666,0,0.012220974694293552
N5000_q0.05_o-0.01,5000,0.05,0.01,0.01,0.02,0.04990000000000001,eb_grid,300,0.6057486666666667,0,0.012220974694293552
N5000_q0.05_o-0.01,5000,0.05,0.01,0.01,0.02,0.04990000000000001,planned_gaussian,300,0.354254,0,0.012220974694293552
N5000_q0.05_o-0.02,5000,0.05,0.02,0.0,0.02,0.05,direct_betting,300,0.2824393333333334,0,0.012220974694293552
N5000_q0.05_o-0.02,5000,0.05,0.02,0.0,0.02,0.05,eb_grid,300,0.38788,0,0.012220974694293552
N5000_q0.05_o-0.02,5000,0.05,0.02,0.0,0.02,0.05,planned_gaussian,300,0.20367666666666667,0,0.012220974694293552
N5000_q0.05_o0,5000,0.05,0.0,0.02,0.02,0.049599999999999006,direct_betting,300,0.9946666666666666,1,0.018431252048067885
N5000_q0.05_o0,5000,0.05,0.0,0.02,0.02,0.049599999999999006,eb_grid,300,1.0,0,0.012220974694293552
N5000_q0.05_o0,5000,0.05,0.0,0.02,0.02,0.049599999999999006,planned_gaussian,300,0.6227753333333333,1,0.018431252048067885
N5000_q0.05_o0.002,5000,0.05,0.001999999999999,0.022,0.02,0.049516,direct_betting,300,0.9477939999999999,1,0.018431252048067885
N5000_q0.05_o0.002,5000,0.05,0.001999999999999,0.022,0.02,0.049516,eb_grid,300,0.9905906666666666,0,0.012220974694293552
N5000_q0.05_o0.002,5000,0.05,0.001999999999999,0.022,0.02,0.049516,planned_gaussian,300,0.6561706666666667,99,0.3863588453159598
N5000_q0.05_o0.004,5000,0.05,0.004,0.024,0.02,0.049423999999999996,direct_betting,300,0.8296533333333332,0,0.012220974694293552
N5000_q0.05_o0.004,5000,0.05,0.004,0.024,0.02,0.049423999999999996,eb_grid,300,0.925206,0,0.012220974694293552
N5000_q0.05_o0.004,5000,0.05,0.004,0.024,0.02,0.049423999999999996,planned_gaussian,300,0.5622186666666668,113,0.43416636827560456
N5000_q0.05_o0.01,5000,0.05,0.009999999999999001,0.03,0.02,0.049100000000000005,direct_betting,300,0.446616,0,0.012220974694293552
N5000_q0.05_o0.01,5000,0.05,0.009999999999999001,0.03,0.02,0.049100000000000005,eb_grid,300,0.6176913333333334,0,0.012220974694293552
N5000_q0.05_o0.01,5000,0.05,0.009999999999999001,0.03,0.02,0.049100000000000005,planned_gaussian,300,0.31978333333333336,109,0.4205636449942917
N5000_q0.05_o0.02,5000,0.05,0.02,0.04,0.02,0.048399999999999006,direct_betting,300,0.18871066666666667,0,0.012220974694293552
N5000_q0.05_o0.02,5000,0.05,0.02,0.04,0.02,0.048399999999999006,eb_grid,300,0.3173453333333333,0,0.012220974694293552
N5000_q0.05_o0.02,5000,0.05,0.02,0.04,0.02,0.048399999999999006,planned_gaussian,300,0.129054,116,0.4443396708777704
N5000_q0.3_o-0.002,5000,0.30000000000000004,0.002,0.018000000000000002,0.02,0.299676,direct_betting,300,0.9779066666666667,5,0.038463744964996424
N5000_q0.3_o-0.002,5000,0.30000000000000004,0.002,0.018000000000000002,0.02,0.299676,eb_grid,300,0.9968633333333334,0,0.012220974694293552
N5000_q0.3_o-0.002,5000,0.30000000000000004,0.002,0.018000000000000002,0.02,0.299676,planned_gaussian,300,0.981722,5,0.038463744964996424
N5000_q0.3_o-0.004,5000,0.30000000000000004,0.004,0.016,0.02,0.299744,direct_betting,300,0.9804793333333334,1,0.018431252048067885
N5000_q0.3_o-0.004,5000,0.30000000000000004,0.004,0.016,0.02,0.299744,eb_grid,300,0.9931386666666666,0,0.012220974694293552
N5000_q0.3_o-0.004,5000,0.30000000000000004,0.004,0.016,0.02,0.299744,planned_gaussian,300,0.988596,2,0.02387349757217365
N5000_q0.3_o-0.01,5000,0.30000000000000004,0.01,0.01,0.02,0.299899999999999,direct_betting,300,0.8648406666666667,0,0.012220974694293552
N5000_q0.3_o-0.01,5000,0.30000000000000004,0.01,0.01,0.02,0.299899999999999,eb_grid,300,0.9052020000000001,0,0.012220974694293552
N5000_q0.3_o-0.01,5000,0.30000000000000004,0.01,0.01,0.02,0.299899999999999,planned_gaussian,300,0.9191986666666666,3,0.028944511255692605
N5000_q0.3_o-0.02,5000,0.30000000000000004,0.02,0.0,0.02,0.30000000000000004,direct_betting,300,0.7259233333333333,1,0.018431252048067885
N5000_q0.3_o-0.02,5000,0.30000000000000004,0.02,0.0,0.02,0.30000000000000004,eb_grid,300,0.7701846666666666,0,0.012220974694293552
N5000_q0.3_o-0.02,5000,0.30000000000000004,0.02,0.0,0.02,0.30000000000000004,planned_gaussian,300,0.7784793333333333,5,0.038463744964996424
N5000_q0.3_o0,5000,0.30000000000000004,0.0,0.02,0.02,0.29960000000000003,direct_betting,300,0.9866233333333334,4,0.03378489626191785
N5000_q0.3_o0,5000,0.30000000000000004,0.0,0.02,0.02,0.29960000000000003,eb_grid,300,1.0,0,0.012220974694293552
N5000_q0.3_o0,5000,0.30000000000000004,0.0,0.02,0.02,0.29960000000000003,planned_gaussian,300,0.9743606666666667,9,0.056183548241615776
N5000_q0.3_o0.002,5000,0.30000000000000004,0.001999999999999,0.022,0.02,0.299515999999999,direct_betting,300,0.9800986666666667,3,0.028944511255692605
N5000_q0.3_o0.002,5000,0.30000000000000004,0.001999999999999,0.022,0.02,0.299515999999999,eb_grid,300,0.9981393333333334,0,0.012220974694293552
N5000_q0.3_o0.002,5000,0.30000000000000004,0.001999999999999,0.022,0.02,0.299515999999999,planned_gaussian,300,0.9775013333333333,3,0.028944511255692605
N5000_q0.3_o0.004,5000,0.30000000000000004,0.004,0.024,0.02,0.299423999999999,direct_betting,300,0.9584506666666666,4,0.03378489626191785
N5000_q0.3_o0.004,5000,0.30000000000000004,0.004,0.024,0.02,0.299423999999999,eb_grid,300,0.9849253333333333,0,0.012220974694293552
N5000_q0.3_o0.004,5000,0.30000000000000004,0.004,0.024,0.02,0.299423999999999,planned_gaussian,300,0.9479126666666667,1,0.018431252048067885
N5000_q0.3_o0.01,5000,0.30000000000000004,0.009999999999999001,0.03,0.02,0.29910000000000003,direct_betting,300,0.8420013333333334,0,0.012220974694293552
N5000_q0.3_o0.01,5000,0.30000000000000004,0.009999999999999001,0.03,0.02,0.29910000000000003,eb_grid,300,0.8981446666666667,0,0.012220974694293552
N5000_q0.3_o0.01,5000,0.30000000000000004,0.009999999999999001,0.03,0.02,0.29910000000000003,planned_gaussian,300,0.8720093333333333,0,0.012220974694293552
N5000_q0.3_o0.02,5000,0.30000000000000004,0.02,0.04,0.02,0.298399999999999,direct_betting,300,0.5868939999999999,1,0.018431252048067885
N5000_q0.3_o0.02,5000,0.30000000000000004,0.02,0.04,0.02,0.298399999999999,eb_grid,300,0.6579373333333334,0,0.012220974694293552
N5000_q0.3_o0.02,5000,0.30000000000000004,0.02,0.04,0.02,0.298399999999999,planned_gaussian,300,0.6289193333333333,1,0.018431252048067885
N5000_q0.3_o0.04,5000,0.30000000000000004,0.039999999999999,0.06,0.02,0.296399999999999,direct_betting,300,0.24887199999999998,0,0.012220974694293552
N5000_q0.3_o0.04,5000,0.30000000000000004,0.039999999999999,0.06,0.02,0.296399999999999,eb_grid,300,0.337266,0,0.012220974694293552
N5000_q0.3_o0.04,5000,0.30000000000000004,0.039999999999999,0.06,0.02,0.296399999999999,planned_gaussian,300,0.272704,0,0.012220974694293552
N5000_q0.8_o-0.002,5000,0.8,0.002,0.018000000000000002,0.02,0.7996759999999999,direct_betting,300,0.9847133333333333,2,0.02387349757217365
N5000_q0.8_o-0.002,5000,0.8,0.002,0.018000000000000002,0.02,0.7996759999999999,eb_grid,300,0.9980993333333333,0,0.012220974694293552
N5000_q0.8_o-0.002,5000,0.8,0.002,0.018000000000000002,0.02,0.7996759999999999,planned_gaussian,300,0.9901813333333332,3,0.028944511255692605
N5000_q0.8_o-0.004,5000,0.8,0.004,0.016,0.02,0.799744,direct_betting,300,0.9880153333333334,1,0.018431252048067885
N5000_q0.8_o-0.004,5000,0.8,0.004,0.016,0.02,0.799744,eb_grid,300,0.9953986666666667,0,0.012220974694293552
N5000_q0.8_o-0.004,5000,0.8,0.004,0.016,0.02,0.799744,planned_gaussian,300,0.9854453333333333,5,0.038463744964996424
N5000_q0.8_o-0.01,5000,0.8,0.01,0.01,0.02,0.7999,direct_betting,300,0.9488173333333333,6,0.0430210826735169
N5000_q0.8_o-0.01,5000,0.8,0.01,0.01,0.02,0.7999,eb_grid,300,0.9736153333333334,1,0.018431252048067885
N5000_q0.8_o-0.01,5000,0.8,0.01,0.01,0.02,0.7999,planned_gaussian,300,0.9690746666666666,10,0.0604453222012656
N5000_q0.8_o-0.02,5000,0.8,0.02,0.0,0.02,0.8,direct_betting,300,0.8945979999999999,4,0.03378489626191785
N5000_q0.8_o-0.02,5000,0.8,0.02,0.0,0.02,0.8,eb_grid,300,0.91934,0,0.012220974694293552
N5000_q0.8_o-0.02,5000,0.8,0.02,0.0,0.02,0.8,planned_gaussian,300,0.9707893333333334,8,0.05186581196093096
N5000_q0.8_o0,5000,0.8,0.0,0.02,0.02,0.7995999999999991,direct_betting,300,0.9853033333333333,4,0.03378489626191785
N5000_q0.8_o0,5000,0.8,0.0,0.02,0.02,0.7995999999999991,eb_grid,300,0.9990260000000001,0,0.012220974694293552
N5000_q0.8_o0,5000,0.8,0.0,0.02,0.02,0.7995999999999991,planned_gaussian,300,0.9786773333333334,9,0.056183548241615776
N5000_q0.8_o0.002,5000,0.8,0.001999999999999,0.022,0.02,0.799516,direct_betting,300,0.9656786666666667,3,0.028944511255692605
N5000_q0.8_o0.002,5000,0.8,0.001999999999999,0.022,0.02,0.799516,eb_grid,300,0.9905046666666667,1,0.018431252048067885
N5000_q0.8_o0.002,5000,0.8,0.001999999999999,0.022,0.02,0.799516,planned_gaussian,300,0.9654133333333335,4,0.03378489626191785
N5000_q0.8_o0.004,5000,0.8,0.004,0.024,0.02,0.7994239999999999,direct_betting,300,0.989378,0,0.012220974694293552
N5000_q0.8_o0.004,5000,0.8,0.004,0.024,0.02,0.7994239999999999,eb_grid,300,0.993856,0,0.012220974694293552
N5000_q0.8_o0.004,5000,0.8,0.004,0.024,0.02,0.7994239999999999,planned_gaussian,300,0.9771413333333334,0,0.012220974694293552
N5000_q0.8_o0.01,5000,0.8,0.009999999999999001,0.03,0.02,0.7991,direct_betting,300,0.9244973333333333,3,0.028944511255692605
N5000_q0.8_o0.01,5000,0.8,0.009999999999999001,0.03,0.02,0.7991,eb_grid,300,0.95312,0,0.012220974694293552
N5000_q0.8_o0.01,5000,0.8,0.009999999999999001,0.03,0.02,0.7991,planned_gaussian,300,0.9361686666666666,3,0.028944511255692605
N5000_q0.8_o0.02,5000,0.8,0.02,0.04,0.02,0.7983999999999991,direct_betting,300,0.78718,0,0.012220974694293552
N5000_q0.8_o0.02,5000,0.8,0.02,0.04,0.02,0.7983999999999991,eb_grid,300,0.8339993333333333,0,0.012220974694293552
N5000_q0.8_o0.02,5000,0.8,0.02,0.04,0.02,0.7983999999999991,planned_gaussian,300,0.812236,1,0.018431252048067885
N5000_q0.8_o0.04,5000,0.8,0.039999999999999,0.06,0.02,0.7963999999999991,direct_betting,300,0.47566533333333333,0,0.012220974694293552
N5000_q0.8_o0.04,5000,0.8,0.039999999999999,0.06,0.02,0.7963999999999991,eb_grid,300,0.5516613333333333,0,0.012220974694293552
N5000_q0.8_o0.04,5000,0.8,0.039999999999999,0.06,0.02,0.7963999999999991,planned_gaussian,300,0.52208,0,0.012220974694293552
constant_N1000_b0.0,1000,0.0,0.02,0.0,0.02,0.0,direct_betting,300,0.497,0,0.012220974694293552
constant_N1000_b0.0,1000,0.0,0.02,0.0,0.02,0.0,eb_grid,300,0.515,0,0.012220974694293552
constant_N1000_b0.0,1000,0.0,0.02,0.0,0.02,0.0,planned_gaussian,300,0.02,0,0.012220974694293552
constant_N1000_b0.016,1000,0.0,0.004,0.016,0.02,4.814824860968091e-35,direct_betting,300,0.969,0,0.012220974694293552
constant_N1000_b0.016,1000,0.0,0.004,0.016,0.02,4.814824860968091e-35,eb_grid,300,0.974,0,0.012220974694293552
constant_N1000_b0.016,1000,0.0,0.004,0.016,0.02,4.814824860968091e-35,planned_gaussian,300,0.02,0,0.012220974694293552
constant_N1000_b0.018,1000,0.0,0.002,0.018000000000000002,0.02,0.0,direct_betting,300,0.9979999999999999,0,0.012220974694293552
constant_N1000_b0.018,1000,0.0,0.002,0.018000000000000002,0.02,0.0,eb_grid,300,0.9979999999999999,0,0.012220974694293552
constant_N1000_b0.018,1000,0.0,0.002,0.018000000000000002,0.02,0.0,planned_gaussian,300,0.02,0,0.012220974694293552
constant_N1000_b0.02,1000,0.0,0.0,0.02,0.02,0.0,direct_betting,300,1.0,0,0.012220974694293552
constant_N1000_b0.02,1000,0.0,0.0,0.02,0.02,0.0,eb_grid,300,1.0,0,0.012220974694293552
constant_N1000_b0.02,1000,0.0,0.0,0.02,0.02,0.0,planned_gaussian,300,0.045,300,1.0
constant_N1000_b0.022,1000,0.0,0.001999999999999,0.022,0.02,0.0,direct_betting,300,0.999,0,0.012220974694293552
constant_N1000_b0.022,1000,0.0,0.001999999999999,0.022,0.02,0.0,eb_grid,300,0.999,0,0.012220974694293552
constant_N1000_b0.022,1000,0.0,0.001999999999999,0.022,0.02,0.0,planned_gaussian,300,0.02,0,0.012220974694293552
constant_N1000_b0.024,1000,0.0,0.004,0.024,0.02,1.2037062152420219e-35,direct_betting,300,0.969,0,0.012220974694293552
constant_N1000_b0.024,1000,0.0,0.004,0.024,0.02,1.2037062152420219e-35,eb_grid,300,0.974,0,0.012220974694293552
constant_N1000_b0.024,1000,0.0,0.004,0.024,0.02,1.2037062152420219e-35,planned_gaussian,300,0.02,0,0.012220974694293552
constant_N1000_b0.04,1000,0.0,0.02,0.04,0.02,0.0,direct_betting,300,0.497,0,0.012220974694293552
constant_N1000_b0.04,1000,0.0,0.02,0.04,0.02,0.0,eb_grid,300,0.515,0,0.012220974694293552
constant_N1000_b0.04,1000,0.0,0.02,0.04,0.02,0.0,planned_gaussian,300,0.02,0,0.012220974694293552
constant_N5000_b0.0,5000,0.0,0.02,0.0,0.02,0.0,direct_betting,300,0.1282,0,0.012220974694293552
constant_N5000_b0.0,5000,0.0,0.02,0.0,0.02,0.0,eb_grid,300,0.1344,0,0.012220974694293552
constant_N5000_b0.0,5000,0.0,0.02,0.0,0.02,0.0,planned_gaussian,300,0.004,0,0.012220974694293552
constant_N5000_b0.016,5000,0.0,0.004,0.016,0.02,1.2037062152420219e-35,direct_betting,300,0.49520000000000003,0,0.012220974694293552
constant_N5000_b0.016,5000,0.0,0.004,0.016,0.02,1.2037062152420219e-35,eb_grid,300,0.514,0,0.012220974694293552
constant_N5000_b0.016,5000,0.0,0.004,0.016,0.02,1.2037062152420219e-35,planned_gaussian,300,0.004,0,0.012220974694293552
constant_N5000_b0.018,5000,0.0,0.002,0.018000000000000002,0.02,0.0,direct_betting,300,0.745,0,0.012220974694293552
constant_N5000_b0.018,5000,0.0,0.002,0.018000000000000002,0.02,0.0,eb_grid,300,0.7638,0,0.012220974694293552
constant_N5000_b0.018,5000,0.0,0.002,0.018000000000000002,0.02,0.0,planned_gaussian,300,0.004,0,0.012220974694293552
constant_N5000_b0.02,5000,0.0,0.0,0.02,0.02,0.0,direct_betting,300,1.0,0,0.012220974694293552
constant_N5000_b0.02,5000,0.0,0.0,0.02,0.02,0.0,eb_grid,300,1.0,0,0.012220974694293552
constant_N5000_b0.02,5000,0.0,0.0,0.02,0.02,0.0,planned_gaussian,300,0.009,300,1.0
constant_N5000_b0.022,5000,0.0,0.001999999999999,0.022,0.02,0.0,direct_betting,300,0.745,0,0.012220974694293552
constant_N5000_b0.022,5000,0.0,0.001999999999999,0.022,0.02,0.0,eb_grid,300,0.7638,0,0.012220974694293552
constant_N5000_b0.022,5000,0.0,0.001999999999999,0.022,0.02,0.0,planned_gaussian,300,0.004,0,0.012220974694293552
constant_N5000_b0.024,5000,0.0,0.004,0.024,0.02,0.0,direct_betting,300,0.49520000000000003,0,0.012220974694293552
constant_N5000_b0.024,5000,0.0,0.004,0.024,0.02,0.0,eb_grid,300,0.514,0,0.012220974694293552
constant_N5000_b0.024,5000,0.0,0.004,0.024,0.02,0.0,planned_gaussian,300,0.004,0,0.012220974694293552
constant_N5000_b0.04,5000,0.0,0.02,0.04,0.02,0.0,direct_betting,300,0.1282,0,0.012220974694293552
constant_N5000_b0.04,5000,0.0,0.02,0.04,0.02,0.0,eb_grid,300,0.1344,0,0.012220974694293552
constant_N5000_b0.04,5000,0.0,0.02,0.04,0.02,0.0,planned_gaussian,300,0.004,0,0.012220974694293552
rare_N1000,1000,0.001,0.0005,0.001,0.0005,0.0009989999999999999,direct_betting,300,1.0,0,0.012220974694293552
rare_N1000,1000,0.001,0.0005,0.001,0.0005,0.0009989999999999999,eb_grid,300,1.0,0,0.012220974694293552
rare_N1000,1000,0.001,0.0005,0.001,0.0005,0.0009989999999999999,planned_gaussian,300,0.04613333333333333,292,0.9884184322456661
rare_N5000,5000,0.0002,0.0001,0.0002,0.0001,0.00019996,direct_betting,300,1.0,0,0.012220974694293552
rare_N5000,5000,0.0002,0.0001,0.0002,0.0001,0.00019996,eb_grid,300,1.0,0,0.012220974694293552
rare_N5000,5000,0.0002,0.0001,0.0002,0.0001,0.00019996,planned_gaussian,300,0.007320000000000001,299,0.9999156108676822
