dataset,pair,delta,epsilon,fraction,N,runs,gap,cohort
arc,0,-0.074644549763033,0.02,0.4396919431279621,844,30,0.054644549763033,random
arc,1,0.0521327014218,0.02,0.6074249605055292,844,30,0.0321327014218,random
arc,2,0.015402843601895002,0.02,0.9910742496050553,844,30,0.004597156398104998,random
arc,3,0.097156398104265,0.02,0.30726698262243285,844,30,0.077156398104265,random
arc,4,0.13625592417061602,0.02,0.20592417061611373,844,30,0.11625592417061602,random
arc,5,-0.023696682464454003,0.02,0.9866508688783571,844,30,0.0036966824644540028,random
arc,6,0.035545023696682006,0.02,0.914257503949447,844,30,0.015545023696682005,random
arc,7,0.045023696682464004,0.02,0.748736176935229,844,30,0.025023696682464003,random
arc,8,0.11848341232227401,0.02,0.21761453396524486,844,30,0.098483412322274,random
arc,9,-0.140995260663507,0.02,0.18708530805687204,844,30,0.120995260663507,random
arc,10,0.031990521327014,0.02,0.8751184834123222,844,30,0.011990521327014,random
arc,11,0.06516587677725101,0.02,0.4630726698262243,844,30,0.04516587677725101,random
arc,12,0.049763033175355006,0.02,0.7035545023696682,844,30,0.029763033175355006,random
arc,13,0.004739336492890001,0.02,0.9063981042654029,844,30,0.01526066350711,random
arc,14,-0.068720379146919,0.02,0.4257109004739336,844,30,0.048720379146919,random
arc,15,-0.11848341232227401,0.02,0.2066350710900474,844,30,0.098483412322274,random
arc,16,-0.0023696682464450004,0.02,0.9328593996840443,844,30,0.017630331753555,random
arc,17,-0.07819905213270101,0.02,0.42685624012638235,844,30,0.058199052132701004,random
arc,18,-0.11848341232227401,0.02,0.22693522906793048,844,30,0.098483412322274,random
arc,19,-0.08412322274881501,0.02,0.38886255924170615,844,30,0.064123222748815,random
arc,20,0.092417061611374,0.02,0.35754344391785153,844,30,0.072417061611374,random
arc,21,-0.19549763033175302,0.02,0.1122037914691943,844,30,0.17549763033175303,random
arc,22,-0.135071090047393,0.02,0.19293048973143762,844,30,0.11507109004739301,random
arc,23,-0.11729857819905201,0.02,0.2363744075829384,844,30,0.09729857819905201,random
arc,24,-0.12322274881516501,0.02,0.22693522906793048,844,30,0.10322274881516501,random
arc,25,0.170616113744075,0.02,0.11804897314375988,844,30,0.15061611374407502,random
arc,26,-0.151658767772511,0.02,0.1519747235387046,844,30,0.131658767772511,random
arc,27,-0.007109004739336001,0.02,0.9158767772511849,844,30,0.012890995260664,random
arc,28,-0.104265402843601,0.02,0.2929304897314376,844,30,0.084265402843601,random
arc,29,0.041469194312796005,0.02,0.7717614533965246,844,30,0.021469194312796005,random
arc,30,0.09478672985781901,0.02,0.35252764612954185,844,30,0.074786729857819,random
arc,31,0.024881516587677004,0.02,0.9519747235387046,844,30,0.004881516587677003,random
arc,32,0.01303317535545,0.02,0.9881516587677726,844,30,0.00696682464455,random
arc,33,0.085308056872037,0.02,0.3343996840442338,844,30,0.065308056872037,random
arc,34,-0.09004739336492801,0.02,0.38088467614533966,844,30,0.070047393364928,random
arc,35,-0.22037914691943103,0.02,0.10458135860979463,844,30,0.20037914691943104,random
arc,36,0.030805687203791003,0.02,0.9385466034755134,844,30,0.010805687203791003,random
arc,37,-0.08412322274881501,0.02,0.35422590837282786,844,30,0.064123222748815,random
arc,38,0.119668246445497,0.02,0.21394154818325437,844,30,0.099668246445497,random
arc,39,0.19312796208530802,0.02,0.1264612954186414,844,30,0.17312796208530803,random
arc,40,0.055687203791469006,0.02,0.6328593996840443,844,30,0.035687203791469,random
arc,41,0.127962085308056,0.02,0.19541864139020537,844,30,0.107962085308056,random
arc,42,0.040284360189573,0.02,0.7926935229067931,844,30,0.020284360189573,random
arc,43,0.015402843601895002,0.02,0.9961690363349132,844,30,0.004597156398104998,random
arc,44,-0.028436018957345002,0.02,0.9740916271721959,844,30,0.008436018957345002,random
arc,45,-0.13625592417061602,0.02,0.1669431279620853,844,30,0.11625592417061602,random
arc,46,0.11611374407582901,0.02,0.2112954186413902,844,30,0.09611374407582901,random
arc,47,0.28317535545023703,0.02,0.07661927330173775,844,30,0.263175355450237,random
arc,48,-0.0011848341232220002,0.02,0.9227488151658767,844,30,0.018815165876778,random
arc,49,0.15521327014218,0.02,0.15481832543443919,844,30,0.13521327014218001,random
arc,50,-0.09597156398104201,0.02,0.2911137440758294,844,30,0.075971563981042,random
arc,51,0.022511848341232002,0.02,0.997353870458136,844,30,0.0025118483412320015,random
arc,52,-0.014218009478672002,0.02,0.9949052132701421,844,30,0.005781990521327999,random
arc,53,-0.0260663507109,0.02,0.9911927330173776,844,30,0.0060663507109,random
arc,54,-0.010663507109004001,0.02,0.9191943127962084,844,30,0.009336492890996,random
arc,55,-0.0260663507109,0.02,0.9907187993680885,844,30,0.0060663507109,random
arc,56,0.062796208530805,0.02,0.48507109004739335,844,30,0.042796208530805,random
arc,57,0.07701421800947801,0.02,0.4539099526066351,844,30,0.05701421800947801,random
arc,58,-0.135071090047393,0.02,0.17606635071090046,844,30,0.11507109004739301,random
arc,59,-0.19431279620853,0.02,0.11639020537124803,844,30,0.17431279620853002,random
arc,60,-0.46563981042654,0.02,0.04553712480252765,844,30,0.44563981042654,random
arc,61,0.07701421800947801,0.02,0.4013823064770932,844,30,0.05701421800947801,random
arc,62,-0.11848341232227401,0.02,0.2147314375987362,844,30,0.098483412322274,random
arc,63,-0.06042654028436,0.02,0.44687993680884674,844,30,0.040426540284360005,random
arc,64,0.048578199052132,0.02,0.5564770932069509,844,30,0.028578199052132002,random
arc,65,-0.040284360189573,0.02,0.917219589257504,844,30,0.020284360189573,random
arc,66,0.12440758293838801,0.02,0.18996840442338073,844,30,0.104407582938388,random
arc,67,-0.011848341232227002,0.02,0.9924170616113744,844,30,0.008151658767772999,random
arc,68,0.25355450236966803,0.02,0.09553712480252764,844,30,0.23355450236966804,random
arc,69,0.027251184834123,0.02,0.9831358609794629,844,30,0.007251184834123001,random
arc,70,-0.08293838862559201,0.02,0.37634281200631914,844,30,0.062938388625592,random
arc,71,0.024881516587677004,0.02,0.9773301737756714,844,30,0.004881516587677003,random
arc,72,-0.11848341232227401,0.02,0.2409952606635071,844,30,0.098483412322274,random
arc,73,-0.0035545023696680004,0.02,0.9477488151658768,844,30,0.016445497630332,random
arc,74,0.197867298578199,0.02,0.12270932069510268,844,30,0.17786729857819902,random
arc,75,-0.08412322274881501,0.02,0.35785939968404423,844,30,0.064123222748815,random
arc,76,0.178909952606635,0.02,0.13827014218009478,844,30,0.158909952606635,random
arc,77,-0.011848341232227002,0.02,0.9692338072669826,844,30,0.008151658767772999,random
arc,78,0.075829383886255,0.02,0.4354660347551343,844,30,0.055829383886254996,random
arc,79,-0.12085308056872,0.02,0.20055292259083726,844,30,0.10085308056872,random
arc,80,-0.119668246445497,0.02,0.1977093206951027,844,30,0.099668246445497,random
arc,81,-0.046208530805687,0.02,0.7434044233807267,844,30,0.026208530805687,random
arc,82,-0.039099526066350004,0.02,0.7462085308056872,844,30,0.019099526066350004,random
arc,83,-0.157582938388625,0.02,0.15774091627172196,844,30,0.137582938388625,random
arc,84,0.007109004739336001,0.02,0.890916271721959,844,30,0.012890995260664,random
arc,85,0.0,0.02,0.9631911532385466,844,30,0.02,random
arc,86,-0.15995260663507102,0.02,0.1476303317535545,844,30,0.13995260663507103,random
arc,87,0.268957345971563,0.02,0.07318325434439178,844,30,0.24895734597156302,random
arc,88,-0.252369668246445,0.02,0.08518957345971565,844,30,0.23236966824644503,random
arc,89,-0.045023696682464004,0.02,0.7914691943127962,844,30,0.025023696682464003,random
arc,90,-0.13862559241706102,0.02,0.17065560821484993,844,30,0.11862559241706101,random
arc,91,0.27132701421800903,0.02,0.08830963665086888,844,30,0.251327014218009,random
arc,92,0.063981042654028,0.02,0.46777251184834123,844,30,0.043981042654027996,random
arc,93,-0.14454976303317502,0.02,0.18345181674565564,844,30,0.12454976303317501,random
arc,94,-0.101895734597156,0.02,0.2580963665086888,844,30,0.081895734597156,random
arc,95,0.143364928909952,0.02,0.16125592417061613,844,30,0.123364928909952,random
arc,96,-0.245260663507109,0.02,0.09893364928909953,844,30,0.22526066350710902,random
arc,97,0.0023696682464450004,0.02,0.9526856240126382,844,30,0.017630331753555,random
arc,98,0.119668246445497,0.02,0.24826224328593996,844,30,0.099668246445497,random
arc,99,-0.12322274881516501,0.02,0.19466824644549766,844,30,0.10322274881516501,random
composite,0,-0.18111552120325802,0.02,0.01370029942204582,9574,30,0.16111552120325803,random
composite,1,0.132546480050135,0.02,0.01826822644662628,9574,30,0.112546480050135,random
composite,2,-0.008878211823689001,0.02,0.7234384792145394,9574,30,0.011121788176311,random
composite,3,0.047315646542719005,0.02,0.2802416266276722,9574,30,0.027315646542719004,random
composite,4,-0.20148318362231002,0.02,0.011757537775920897,9574,30,0.18148318362231003,random
composite,5,0.075099227073323,0.02,0.08600724183552678,9574,30,0.055099227073323,random
composite,6,0.04355546271151001,0.02,0.39216976533667575,9574,30,0.023555462711510006,random
composite,7,-0.08063505326927001,0.02,0.06434788663742079,9574,30,0.06063505326927,random
composite,8,-0.16095675788594102,0.02,0.01590766659703363,9574,30,0.14095675788594103,random
composite,9,0.158449968665134,0.02,0.021168442309031404,9574,30,0.138449968665134,random
composite,10,0.050971380823062004,0.02,0.2456131188635889,9574,30,0.030971380823062004,random
composite,11,0.200856486317108,0.02,0.011423299213146717,9574,30,0.18085648631710802,random
composite,12,0.315124294965531,0.02,0.006980711649606574,9574,30,0.295124294965531,random
composite,13,-0.10967202841027701,0.02,0.05111064689088504,9574,30,0.08967202841027701,random
composite,14,0.21715061625235002,0.02,0.01171227630387856,9574,30,0.19715061625235003,random
composite,15,-0.12387716732818001,0.02,0.023887612283267183,9574,30,0.10387716732818,random
composite,16,-0.341654480885732,0.02,0.006106817074019915,9574,30,0.321654480885732,random
composite,17,0.36317108836432005,0.02,0.005612422533249773,9574,30,0.34317108836432003,random
composite,18,0.146020472111969,0.02,0.02262725436947288,9574,30,0.126020472111969,random
composite,19,-0.01598078128264,0.02,0.9737170113501846,9574,30,0.004019218717359999,random
composite,20,-0.18007102569458902,0.02,0.017101873128612215,9574,30,0.16007102569458903,random
composite,21,-0.24315855441821602,0.02,0.009818257781491539,9574,30,0.22315855441821603,random
composite,22,0.122832671819511,0.02,0.03383817282919017,9574,30,0.102832671819511,random
composite,23,0.11969918529350301,0.02,0.036233549195738464,9574,30,0.09969918529350301,random
composite,24,0.010653854188426001,0.02,0.8597938862196225,9574,30,0.009346145811573999,random
composite,25,0.07374138291205301,0.02,0.05465148666527401,9574,30,0.05374138291205301,random
composite,26,0.132650929601002,0.02,0.025273309658101803,9574,30,0.112650929601002,random
composite,27,0.16221015249634402,0.02,0.020398997284311677,9574,30,0.14221015249634403,random
composite,28,0.21568832254021303,0.02,0.011485968943666876,9574,30,0.19568832254021304,random
composite,29,-0.237727177773135,0.02,0.009591950421279855,9574,30,0.21772717777313502,random
composite,30,-0.216628368498015,0.02,0.013038785599888587,9574,30,0.19662836849801502,random
composite,31,-0.033841654480885004,0.02,0.6213146716802451,9574,30,0.013841654480885004,random
composite,32,0.051598078128264,0.02,0.1807743193370935,9574,30,0.031598078128264,random
composite,33,-0.032274911217881,0.02,0.6177807952092473,9574,30,0.012274911217881001,random
composite,34,-0.18769584290787503,0.02,0.015980781282640483,9574,30,0.16769584290787504,random
composite,35,0.180802172550658,0.02,0.01739433187103962,9574,30,0.160802172550658,random
composite,36,0.003029036975141,0.02,0.5521238075342942,9574,30,0.016970963024859,random
composite,37,0.042615416753707,0.02,0.3198941577884548,9574,30,0.022615416753707002,random
composite,38,0.056820555671610005,0.02,0.1421523570781979,9574,30,0.03682055567161001,random
composite,39,-0.10037601838312,0.02,0.03518557203537358,9574,30,0.08037601838312,random
composite,40,0.11290996448715201,0.02,0.028949933848617784,9574,30,0.09290996448715201,random
composite,41,-0.032170461667014004,0.02,0.7127602534642434,9574,30,0.012170461667014004,random
composite,42,-0.005535826195947001,0.02,0.5581818814845764,9574,30,0.014464173804053,random
composite,43,0.042197618550240006,0.02,0.29264326996727247,9574,30,0.022197618550240005,random
composite,44,-0.047420096093586,0.02,0.2648353178747998,9574,30,0.027420096093586,random
composite,45,0.0013578441612700002,0.02,0.5478030777800988,9574,30,0.01864215583873,random
composite,46,-0.089722164194693,0.02,0.07220249286261402,9574,30,0.069722164194693,random
composite,47,-0.036035095049091005,0.02,0.5395132650929602,9574,30,0.016035095049091005,random
composite,48,0.09776477961144701,0.02,0.0476150685885384,9574,30,0.07776477961144701,random
composite,49,0.18894923751827802,0.02,0.015280969291832045,9574,30,0.16894923751827803,random
composite,50,-0.004804679339878,0.02,0.5224009470092612,9574,30,0.015195320660122,random
composite,51,0.241174012951744,0.02,0.009473574263630666,9574,30,0.22117401295174402,random
composite,52,0.011802799247963,0.02,0.8243228187452127,9574,30,0.008197200752037,random
composite,53,0.19563400877376202,0.02,0.013070120465148665,9574,30,0.17563400877376203,random
composite,54,0.168268226446626,0.02,0.01938235498920688,9574,30,0.14826822644662602,random
composite,55,-0.08209734698140701,0.02,0.06786435484994081,9574,30,0.06209734698140701,random
composite,56,-0.201796532274911,0.02,0.012471276373511593,9574,30,0.18179653227491102,random
composite,57,0.18226446626279502,0.02,0.014170322400947009,9574,30,0.16226446626279503,random
composite,58,-0.023814497597660002,0.02,0.9271046584499686,9574,30,0.0038144975976600014,random
composite,59,0.069145602673908,0.02,0.08266833785948054,9574,30,0.049145602673907995,random
composite,60,-0.24294965531648202,0.02,0.011109950560545923,9574,30,0.22294965531648203,random
composite,61,0.112178817631084,0.02,0.03147413132790196,9574,30,0.092178817631084,random
composite,62,0.26780864842281105,0.02,0.0077014135505883985,9574,30,0.24780864842281106,random
composite,63,-0.032692709421349005,0.02,0.62634217672864,9574,30,0.012692709421349004,random
composite,64,-0.038855232922498005,0.02,0.3973504630596755,9574,30,0.018855232922498005,random
composite,65,-0.175057447252976,0.02,0.01740129517443075,9574,30,0.15505744725297602,random
composite,66,0.007102569458951001,0.02,0.6886045540004179,9574,30,0.012897430541048999,random
composite,67,-0.1184457906831,0.02,0.025464800501357843,9574,30,0.0984457906831,random
composite,68,0.152600793816586,0.02,0.02044774040804958,9574,30,0.13260079381658602,random
composite,69,0.010444955086693,0.02,0.7095466889492374,9574,30,0.009555044913307,random
composite,70,0.009609358679757,0.02,0.6049195738458324,9574,30,0.010390641320243,random
composite,71,0.021412157927720003,0.02,0.9653784555393078,9574,30,0.0014121579277200022,random
composite,72,0.021307708376853002,0.02,0.9455017060093308,9574,30,0.0013077083768530014,random
composite,73,0.032692709421349005,0.02,0.6543242114058909,9574,30,0.012692709421349004,random
composite,74,-0.006998119908084001,0.02,0.6252280481860595,9574,30,0.013001880091916,random
composite,75,-0.021203258825987,0.02,0.9662976115869368,9574,30,0.0012032588259869997,random
composite,76,0.081366200125339,0.02,0.09116008634496205,9574,30,0.061366200125339,random
composite,77,0.097555880509713,0.02,0.05545574820694938,9574,30,0.077555880509713,random
composite,78,-0.18341341132233102,0.02,0.016617923542928768,9574,30,0.16341341132233103,random
composite,79,0.018592020054313003,0.02,0.9658310702597313,9574,30,0.0014079799456869976,random
composite,80,0.018905368706914002,0.02,0.9487640136480747,9574,30,0.0010946312930859986,random
composite,81,0.051284729475663,0.02,0.2583107025973122,9574,30,0.031284729475663006,random
composite,82,0.30436599122623703,0.02,0.007506441055636794,9574,30,0.284365991226237,random
composite,83,0.025276791309797,0.02,0.963115381937191,9574,30,0.005276791309797,random
composite,84,0.06120743680802101,0.02,0.13037392939210363,9574,30,0.04120743680802101,random
composite,85,-0.133382076457071,0.02,0.021398231320938654,9574,30,0.113382076457071,random
composite,86,0.10726968874033802,0.02,0.03948541187939558,9574,30,0.08726968874033801,random
composite,87,-0.08721537497388701,0.02,0.04840540352343151,9574,30,0.06721537497388701,random
composite,88,-0.201900981825778,0.02,0.012224079103126523,9574,30,0.18190098182577802,random
composite,89,0.123459369124712,0.02,0.03587145741939977,9574,30,0.103459369124712,random
composite,90,-0.224253185711301,0.02,0.011531230415709214,9574,30,0.20425318571130102,random
composite,91,0.12116147900564,0.02,0.030955365225262866,9574,30,0.10116147900564,random
composite,92,-0.013787340714434002,0.02,0.9422916231460206,9574,30,0.0062126592855659985,random
composite,93,0.10288280760392701,0.02,0.04625026112387717,9574,30,0.08288280760392701,random
composite,94,0.039690829329433006,0.02,0.3744342315994708,9574,30,0.019690829329433005,random
composite,95,-0.132128681846668,0.02,0.028998676972355687,9574,30,0.11212868184666801,random
composite,96,-0.08335074159181101,0.02,0.07788803008147065,9574,30,0.063350741591811,random
composite,97,0.011280551493628001,0.02,0.8035861012464313,9574,30,0.008719448506372,random
composite,98,-0.268330896177146,0.02,0.007906831000626698,9574,30,0.24833089617714602,random
composite,99,-0.009818257781491,0.02,0.7800292458742427,9574,30,0.010181742218509,random
gsm8k,0,-0.22358346094946402,0.02,0.07417049515058703,1306,30,0.20358346094946403,random
gsm8k,1,0.269525267993874,0.02,0.054645227156712606,1306,30,0.249525267993874,random
gsm8k,2,0.013782542113323,0.02,0.9871873404798367,1306,30,0.006217457886677,random
gsm8k,3,-0.14624808575803902,0.02,0.12460438999489536,1306,30,0.12624808575803903,random
gsm8k,4,0.259571209800918,0.02,0.05454313425216947,1306,30,0.23957120980091803,random
gsm8k,5,-0.07886676875957101,0.02,0.3628892291985707,1306,30,0.058866768759571,random
gsm8k,6,-0.030627871362940002,0.02,0.9669984686064319,1306,30,0.010627871362940002,random
gsm8k,7,-0.31240428790199004,0.02,0.04433384379785605,1306,30,0.29240428790199,random
gsm8k,8,0.13246554364471602,0.02,0.17276671771311894,1306,30,0.11246554364471602,random
gsm8k,9,0.131699846860643,0.02,0.1750127616130679,1306,30,0.111699846860643,random
gsm8k,10,0.0030627871362940004,0.02,0.9434915773353753,1306,30,0.016937212863706,random
gsm8k,11,-0.5053598774885141,0.02,0.025548749361919348,1306,30,0.48535987748851406,random
gsm8k,12,0.35298621745788605,0.02,0.03940786115364982,1306,30,0.33298621745788604,random
gsm8k,13,0.286370597243491,0.02,0.04908116385911179,1306,30,0.266370597243491,random
gsm8k,14,-0.226646248085758,0.02,0.0649055640632976,1306,30,0.20664624808575802,random
gsm8k,15,-0.0030627871362940004,0.02,0.8834609494640123,1306,30,0.016937212863706,random
gsm8k,16,0.199081163859111,0.02,0.08509443593670239,1306,30,0.17908116385911102,random
gsm8k,17,0.6477794793261861,0.02,0.021745788667687598,1306,30,0.627779479326186,random
gsm8k,18,-0.139356814701378,0.02,0.17480857580398163,1306,30,0.119356814701378,random
gsm8k,19,0.143185298621745,0.02,0.16590096988259315,1306,30,0.123185298621745,random
gsm8k,20,-0.045941807044410005,0.02,0.7100051046452271,1306,30,0.025941807044410004,random
gsm8k,21,-0.549004594180704,0.02,0.026620724859622257,1306,30,0.529004594180704,random
gsm8k,22,0.199081163859111,0.02,0.08042368555385401,1306,30,0.17908116385911102,random
gsm8k,23,-0.008422664624808,0.02,0.9743236345074017,1306,30,0.011577335375192,random
gsm8k,24,0.45099540581929504,0.02,0.029683511995916286,1306,30,0.430995405819295,random
gsm8k,25,-0.33537519142419603,0.02,0.040556406329760084,1306,30,0.315375191424196,random
gsm8k,26,0.350689127105666,0.02,0.04042879019908117,1306,30,0.330689127105666,random
gsm8k,27,0.25650842266462404,0.02,0.05461970393057682,1306,30,0.23650842266462405,random
gsm8k,28,0.16845329249617103,0.02,0.09354262378764676,1306,30,0.14845329249617104,random
gsm8k,29,-0.339203675344563,0.02,0.03917815211842777,1306,30,0.319203675344563,random
gsm8k,30,0.42266462480857503,0.02,0.03221031138335886,1306,30,0.402664624808575,random
gsm8k,31,-0.31163859111791703,0.02,0.04680959673302706,1306,30,0.291638591117917,random
gsm8k,32,-0.0076569678407350005,0.02,0.96368044920878,1306,30,0.012343032159265,random
gsm8k,33,0.129402756508422,0.02,0.15954568657478305,1306,30,0.109402756508422,random
gsm8k,34,0.049770290964777,0.02,0.7045686574783052,1306,30,0.029770290964777003,random
gsm8k,35,-0.262633996937212,0.02,0.05553854007146504,1306,30,0.24263399693721202,random
gsm8k,36,0.37289433384379705,0.02,0.03769780500255233,1306,30,0.35289433384379704,random
gsm8k,37,0.12098009188361401,0.02,0.21263399693721288,1306,30,0.10098009188361401,random
gsm8k,38,-0.06508422664624801,0.02,0.46500765696784074,1306,30,0.045084226646248005,random
gsm8k,39,-0.016845329249617,0.02,0.9967585502807556,1306,30,0.0031546707503830006,random
gsm8k,40,-0.47473200612557404,0.02,0.027845839714139866,1306,30,0.454732006125574,random
gsm8k,41,-0.32388973966309303,0.02,0.04025012761613068,1306,30,0.303889739663093,random
gsm8k,42,-0.42419601837672205,0.02,0.0318274629913221,1306,30,0.40419601837672203,random
gsm8k,43,0.17381316998468602,0.02,0.09775395610005105,1306,30,0.15381316998468603,random
gsm8k,44,-0.082695252679938,0.02,0.33915262889229203,1306,30,0.062695252679938,random
gsm8k,45,0.605666156202143,0.02,0.020648289943848906,1306,30,0.585666156202143,random
gsm8k,46,0.049770290964777,0.02,0.6656457376212354,1306,30,0.029770290964777003,random
gsm8k,47,-0.005359877488514001,0.02,0.9641398672792241,1306,30,0.014640122511486,random
gsm8k,48,-0.08116385911179101,0.02,0.3332312404287902,1306,30,0.06116385911179101,random
gsm8k,49,-0.064318529862174,0.02,0.5484175599795814,1306,30,0.044318529862173994,random
gsm8k,50,-0.29709035222052005,0.02,0.04920877998979071,1306,30,0.27709035222052003,random
gsm8k,51,0.349923430321592,0.02,0.04132210311383359,1306,30,0.329923430321592,random
gsm8k,52,0.588055130168453,0.02,0.02120980091883614,1306,30,0.568055130168453,random
gsm8k,53,0.00229709035222,0.02,0.9508677896886167,1306,30,0.01770290964778,random
gsm8k,54,-0.441041347626339,0.02,0.031061766207248598,1306,30,0.421041347626339,random
gsm8k,55,0.035222052067381,0.02,0.8401480347115875,1306,30,0.015222052067381,random
gsm8k,56,-0.31163859111791703,0.02,0.04356814701378254,1306,30,0.291638591117917,random
gsm8k,57,0.566615620214395,0.02,0.022026544155181217,1306,30,0.546615620214395,random
gsm8k,58,0.210566615620214,0.02,0.07641653905053598,1306,30,0.190566615620214,random
gsm8k,59,-0.34456355283307805,0.02,0.040377743746809594,1306,30,0.32456355283307803,random
gsm8k,60,0.051301684532924004,0.02,0.6337161817253701,1306,30,0.03130168453292401,random
gsm8k,61,-0.186830015313935,0.02,0.11145992853496682,1306,30,0.16683001531393502,random
gsm8k,62,0.014548238897396001,0.02,0.9809086268504339,1306,30,0.005451761102603999,random
gsm8k,63,0.013016845329249,0.02,0.9556151097498724,1306,30,0.006983154670751,random
gsm8k,64,-0.37136294027565003,0.02,0.037263910158244005,1306,30,0.35136294027565,random
gsm8k,65,-0.141653905053598,0.02,0.1378764675855028,1306,30,0.12165390505359801,random
gsm8k,66,0.41500765696784003,0.02,0.030602348136804493,1306,30,0.39500765696784,random
gsm8k,67,0.31316998468606405,0.02,0.04709035222052067,1306,30,0.29316998468606403,random
gsm8k,68,0.043644716692189,0.02,0.5684022460439,1306,30,0.023644716692189,random
gsm8k,69,0.10183767228177601,0.02,0.2629147524247065,1306,30,0.081837672281776,random
gsm8k,70,-0.258805513016845,0.02,0.054160285860132724,1306,30,0.23880551301684502,random
gsm8k,71,0.003828483920367,0.02,0.929122001020929,1306,30,0.016171516079633,random
gsm8k,72,-0.18606431852986202,0.02,0.08999489535477284,1306,30,0.16606431852986203,random
gsm8k,73,-0.13399693721286302,0.02,0.14088820826952525,1306,30,0.11399693721286301,random
gsm8k,74,-0.049770290964777,0.02,0.6583205717202655,1306,30,0.029770290964777003,random
gsm8k,75,-0.013782542113323,0.02,0.9878764675855028,1306,30,0.006217457886677,random
gsm8k,76,0.103369065849923,0.02,0.21263399693721288,1306,30,0.083369065849923,random
gsm8k,77,0.500765696784073,0.02,0.024808575803981624,1306,30,0.480765696784073,random
gsm8k,78,0.03292496171516,0.02,0.8854262378764676,1306,30,0.012924961715160003,random
gsm8k,79,-0.043644716692189,0.02,0.7267228177641655,1306,30,0.023644716692189,random
gsm8k,80,0.13399693721286302,0.02,0.1527565084226646,1306,30,0.11399693721286301,random
gsm8k,81,-0.116385911179173,0.02,0.2041602858601327,1306,30,0.096385911179173,random
gsm8k,82,0.385911179173047,0.02,0.03591117917304747,1306,30,0.365911179173047,random
gsm8k,83,-0.043644716692189,0.02,0.7715416028586013,1306,30,0.023644716692189,random
gsm8k,84,-0.131699846860643,0.02,0.16276161306789177,1306,30,0.111699846860643,random
gsm8k,85,-0.154670750382848,0.02,0.11955079122001021,1306,30,0.134670750382848,random
gsm8k,86,0.24349157733537502,0.02,0.05918836140888208,1306,30,0.22349157733537503,random
gsm8k,87,0.131699846860643,0.02,0.1503318019397652,1306,30,0.111699846860643,random
gsm8k,88,-0.251914241960183,0.02,0.05990301174068402,1306,30,0.23191424196018304,random
gsm8k,89,0.123277182235834,0.02,0.14374680959673303,1306,30,0.103277182235834,random
gsm8k,90,0.021439509954058,0.02,0.9953292496171516,1306,30,0.0014395099540580013,random
gsm8k,91,-0.23430321592649303,0.02,0.06962736089841756,1306,30,0.21430321592649304,random
gsm8k,92,-0.389739663093415,0.02,0.03563042368555385,1306,30,0.369739663093415,random
gsm8k,93,0.31316998468606405,0.02,0.041985706993363965,1306,30,0.29316998468606403,random
gsm8k,94,0.009188361408882,0.02,0.9499234303215925,1306,30,0.010811638591118,random
gsm8k,95,-0.37978560490045904,0.02,0.034915773353751914,1306,30,0.359785604900459,random
gsm8k,96,0.073506891271056,0.02,0.43795303726391016,1306,30,0.053506891271056,random
gsm8k,97,-0.0076569678407350005,0.02,0.9687850944359367,1306,30,0.012343032159265,random
gsm8k,98,-0.175344563552833,0.02,0.11220010209290456,1306,30,0.15534456355283302,random
gsm8k,99,0.057427258805513005,0.02,0.6198315467075038,1306,30,0.03742725880551301,random
hellaswag,0,-0.059534232183505,0.02,0.09875094846203233,5711,30,0.039534232183505005,random
hellaswag,1,0.180353703379443,0.02,0.019191034845035895,5711,30,0.16035370337944302,random
hellaswag,2,-0.030467518823323003,0.02,0.6806513745403607,5711,30,0.010467518823323002,random
hellaswag,3,-0.013657853265627,0.02,0.7868791221619098,5711,30,0.006342146734373,random
hellaswag,4,0.193136053230607,0.02,0.018181287573688205,5711,30,0.17313605323060702,random
hellaswag,5,-0.005953423218350001,0.02,0.4276659078970408,5711,30,0.01404657678165,random
hellaswag,6,-0.13955524426545202,0.02,0.02532539543570887,5711,30,0.11955524426545201,random
hellaswag,7,-0.12554718963403902,0.02,0.02795774236852857,5711,30,0.10554718963403902,random
hellaswag,8,-0.021362283312904,0.02,0.9768983832370279,5711,30,0.0013622833129040002,random
hellaswag,9,0.0031518122920670003,0.02,0.24322068522733903,5711,30,0.016848187707933,random
hellaswag,10,-0.024689196287865003,0.02,0.7595867623883733,5711,30,0.004689196287865002,random
hellaswag,11,0.029066713360182003,0.02,0.6950504873635673,5711,30,0.009066713360182003,random
hellaswag,12,-0.06863946769392401,0.02,0.10560322185256524,5711,30,0.04863946769392401,random
hellaswag,13,0.09140255646997,0.02,0.041306251094379264,5711,30,0.07140255646997,random
hellaswag,14,0.10383470495534901,0.02,0.04052413471079204,5711,30,0.083834704955349,random
hellaswag,15,0.05077919803887201,0.02,0.2013074184322652,5711,30,0.030779198038872007,random
hellaswag,16,0.08982665032393601,0.02,0.04265452635265277,5711,30,0.06982665032393601,random
hellaswag,17,-0.11311504114866001,0.02,0.033245782991887005,5711,30,0.09311504114866001,random
hellaswag,18,-0.07511819296095201,0.02,0.06565691939531898,5711,30,0.05511819296095201,random
hellaswag,19,0.005953423218350001,0.02,0.49477616296036886,5711,30,0.01404657678165,random
hellaswag,20,-0.0026265102433890002,0.02,0.46950913441895753,5711,30,0.017373489756611002,random
hellaswag,21,0.048677989844160004,0.02,0.20033269129749606,5711,30,0.028677989844160003,random
hellaswag,22,0.06198564174400201,0.02,0.09278585186482227,5711,30,0.041985641744002,random
hellaswag,23,-0.09437926807914501,0.02,0.04735306134360591,5711,30,0.07437926807914501,random
hellaswag,24,0.054456312379618003,0.02,0.15453802603163486,5711,30,0.034456312379618007,random
hellaswag,25,0.006653825949921001,0.02,0.2458647055390183,5711,30,0.013346174050078999,random
hellaswag,26,0.18805813342672,0.02,0.018794139963812524,5711,30,0.16805813342672002,random
hellaswag,27,-0.16914725967431202,0.02,0.01980388723516022,5711,30,0.14914725967431203,random
hellaswag,28,0.11889336368411801,0.02,0.03891320842817954,5711,30,0.09889336368411801,random
hellaswag,29,-0.027315706531255,0.02,0.8164010972976128,5711,30,0.007315706531255,random
hellaswag,30,0.08790054281211601,0.02,0.048059300764606315,5711,30,0.06790054281211601,random
hellaswag,31,0.066188058133426,0.02,0.08580517130683477,5711,30,0.046188058133426,random
hellaswag,32,-0.042899667308702004,0.02,0.2091694390941458,5711,30,0.022899667308702003,random
hellaswag,33,0.082472421642444,0.02,0.05117609292009572,5711,30,0.062472421642444,random
hellaswag,34,-0.040448257748205006,0.02,0.2269713418548999,5711,30,0.020448257748205006,random
hellaswag,35,-0.018910873752407003,0.02,0.9724683359598436,5711,30,0.0010891262475929975,random
hellaswag,36,-0.0014008054631410001,0.02,0.13945018385571703,5711,30,0.018599194536859,random
hellaswag,37,0.030467518823323003,0.02,0.6054806513745403,5711,30,0.010467518823323002,random
hellaswag,38,0.005953423218350001,0.02,0.3329889686569778,5711,30,0.01404657678165,random
hellaswag,39,0.06601295745053401,0.02,0.11395552442654527,5711,30,0.046012957450534006,random
hellaswag,40,0.090702153738399,0.02,0.04734722465417615,5711,30,0.070702153738399,random
hellaswag,41,0.024864296970758003,0.02,0.8776571528628963,5711,30,0.004864296970758002,random
hellaswag,42,-0.020311679215548002,0.02,0.9998248993171074,5711,30,0.0003116792155480018,random
hellaswag,43,0.117142356855191,0.02,0.033269129749606025,5711,30,0.097142356855191,random
hellaswag,44,-0.028366310628611002,0.02,0.6063795015467227,5711,30,0.008366310628611002,random
hellaswag,45,-0.028891612677289003,0.02,0.7243039747855016,5711,30,0.008891612677289003,random
hellaswag,46,-0.009280336193311001,0.02,0.48787135936496817,5711,30,0.010719663806689,random
hellaswag,47,0.006303624584135001,0.02,0.5169263993462908,5711,30,0.013696375415864999,random
hellaswag,48,0.020311679215548002,0.02,0.9998190626276776,5711,30,0.0003116792155480018,random
hellaswag,49,0.074067588863596,0.02,0.052903752991303336,5711,30,0.054067588863596,random
hellaswag,50,-0.037821747504815005,0.02,0.3910231716570361,5711,30,0.017821747504815005,random
hellaswag,51,0.09893188583435401,0.02,0.047463958442771265,5711,30,0.07893188583435401,random
hellaswag,52,0.14988618455611902,0.02,0.025774820521800034,5711,30,0.12988618455611903,random
hellaswag,53,-0.078445105935913,0.02,0.059364968190042604,5711,30,0.058445105935913,random
hellaswag,54,0.049203291892838,0.02,0.22456078912041091,5711,30,0.029203291892838,random
hellaswag,55,-0.12187007529329301,0.02,0.03581976303040915,5711,30,0.101870075293293,random
hellaswag,56,0.026615303799684003,0.02,0.8708749197455204,5711,30,0.0066153037996840025,random
hellaswag,57,-0.08387322710558501,0.02,0.06837681666958502,5711,30,0.063873227105585,random
hellaswag,58,-0.064962353353178,0.02,0.07827584194245024,5711,30,0.044962353353178,random
hellaswag,59,-0.10260900017510001,0.02,0.037033794431798286,5711,30,0.0826090001751,random
hellaswag,60,-0.100507791980388,0.02,0.057555594466818426,5711,30,0.080507791980388,random
hellaswag,61,0.08860094554368701,0.02,0.054613902994221676,5711,30,0.06860094554368701,random
hellaswag,62,-0.070740675888635,0.02,0.06769392400630363,5711,30,0.050740675888635,random
hellaswag,63,0.026790404482577003,0.02,0.7936088250744179,5711,30,0.0067904044825770025,random
hellaswag,64,0.10646121519873901,0.02,0.03919920621023755,5711,30,0.086461215198739,random
hellaswag,65,-0.039047452285063004,0.02,0.36446623475164885,5711,30,0.019047452285063004,random
hellaswag,66,-0.020311679215548002,0.02,0.9998190626276776,5711,30,0.0003116792155480018,random
hellaswag,67,-0.042899667308702004,0.02,0.19355045818012023,5711,30,0.022899667308702003,random
hellaswag,68,-0.013132551216949001,0.02,0.8478725267028542,5711,30,0.006867448783050999,random
hellaswag,69,-0.14078094904570101,0.02,0.02671452751999066,5711,30,0.12078094904570101,random
hellaswag,70,0.052705305550691,0.02,0.12833129049203293,5711,30,0.032705305550691,random
hellaswag,71,-0.007879530730169,0.02,0.6753983540535808,5711,30,0.012120469269831,random
hellaswag,72,-0.035895639992995006,0.02,0.44728302107044887,5711,30,0.015895639992995005,random
hellaswag,73,0.05918403081772,0.02,0.08803478666900134,5711,30,0.03918403081772,random
hellaswag,74,0.034494834529854,0.02,0.4409151929025857,5711,30,0.014494834529854003,random
hellaswag,75,-0.133776921729994,0.02,0.02865230841066947,5711,30,0.113776921729994,random
hellaswag,76,-0.07056557520574301,0.02,0.0658378567676414,5711,30,0.05056557520574301,random
hellaswag,77,-0.10926282612502101,0.02,0.03866223078270005,5711,30,0.08926282612502101,random
hellaswag,78,-0.007704430047277001,0.02,0.5506974843868557,5711,30,0.012295569952723,random
hellaswag,79,-0.190334442304324,0.02,0.01759761863071266,5711,30,0.170334442304324,random
hellaswag,80,-0.12799859919453602,0.02,0.028413004144049497,5711,30,0.10799859919453601,random
hellaswag,81,-0.034845035895639004,0.02,0.351742251794782,5711,30,0.014845035895639003,random
hellaswag,82,0.071616179303099,0.02,0.0757135352827876,5711,30,0.051616179303099,random
hellaswag,83,0.016459464191910002,0.02,0.9388139847078737,5711,30,0.0035405358080899986,random
hellaswag,84,0.06531255471896301,0.02,0.09484620323352595,5711,30,0.045312554718963005,random
hellaswag,85,0.024689196287865003,0.02,0.9427479133835289,5711,30,0.004689196287865002,random
hellaswag,86,0.02766590789704,0.02,0.6961361115975019,5711,30,0.007665907897040001,random
hellaswag,87,-0.035545438627210005,0.02,0.43504348333625165,5711,30,0.015545438627210004,random
hellaswag,88,-0.07686919978987901,0.02,0.06774061752174167,5711,30,0.056869199789879005,random
hellaswag,89,-0.029241814043074,0.02,0.5371155080838149,5711,30,0.009241814043074,random
hellaswag,90,-0.074767991595167,0.02,0.07161617930309928,5711,30,0.054767991595167,random
hellaswag,91,0.088951146909472,0.02,0.05314305725792331,5711,30,0.068951146909472,random
hellaswag,92,0.09805638241989101,0.02,0.056242339345123446,5711,30,0.078056382419891,random
hellaswag,93,0.128874102609,0.02,0.03204342496935738,5711,30,0.108874102609,random
hellaswag,94,0.04079845911399,0.02,0.27798400747096247,5711,30,0.02079845911399,random
hellaswag,95,-0.037296445456137,0.02,0.37544504756901886,5711,30,0.017296445456137,random
hellaswag,96,-0.075993696375415,0.02,0.08047043716803828,5711,30,0.055993696375415,random
hellaswag,97,0.084923831202941,0.02,0.05684935504581801,5711,30,0.064923831202941,random
hellaswag,98,-0.11486604797758701,0.02,0.03389365551858985,5711,30,0.094866047977587,random
hellaswag,99,0.063036245841358,0.02,0.10573162902001984,5711,30,0.043036245841358,random
mmlu-pro,0,0.24035904255319102,0.02,0.007632424645390071,12032,30,0.22035904255319103,random
mmlu-pro,1,-0.00955784574468,0.02,0.6886552526595744,12032,30,0.01044215425532,random
mmlu-pro,2,-0.246010638297872,0.02,0.006715425531914894,12032,30,0.22601063829787202,random
mmlu-pro,3,0.097490026595744,0.02,0.03532247340425532,12032,30,0.077490026595744,random
mmlu-pro,4,0.20994015957446802,0.02,0.008685172872340425,12032,30,0.18994015957446803,random
mmlu-pro,5,-0.244847074468085,0.02,0.008363807624113475,12032,30,0.22484707446808502,random
mmlu-pro,6,-0.26346409574468,0.02,0.0061114804964539,12032,30,0.24346409574468,random
mmlu-pro,7,0.121758643617021,0.02,0.025695367907801418,12032,30,0.101758643617021,random
mmlu-pro,8,0.248503989361702,0.02,0.006964760638297872,12032,30,0.22850398936170202,random
mmlu-pro,9,0.050448803191489006,0.02,0.1710023271276596,12032,30,0.030448803191489005,random
mmlu-pro,10,0.10006648936170201,0.02,0.03056571365248227,12032,30,0.080066489361702,random
mmlu-pro,11,0.091505984042553,0.02,0.04502160904255319,12032,30,0.071505984042553,random
mmlu-pro,12,0.098487367021276,0.02,0.031765292553191486,12032,30,0.078487367021276,random
mmlu-pro,13,-0.371592420212765,0.02,0.004335660460992908,12032,30,0.351592420212765,random
mmlu-pro,14,0.199468085106382,0.02,0.00977947695035461,12032,30,0.179468085106382,random
mmlu-pro,15,-0.199717420212765,0.02,0.008366578014184396,12032,30,0.17971742021276502,random
mmlu-pro,16,-0.23603723404255303,0.02,0.007266733156028369,12032,30,0.21603723404255304,random
mmlu-pro,17,0.024601063829787002,0.02,0.9200742464539007,12032,30,0.004601063829787002,random
mmlu-pro,18,-0.19348404255319102,0.02,0.009729609929078014,12032,30,0.17348404255319103,random
mmlu-pro,19,0.097490026595744,0.02,0.03728390957446808,12032,30,0.077490026595744,random
mmlu-pro,20,0.116605718085106,0.02,0.02165059840425532,12032,30,0.096605718085106,random
mmlu-pro,21,-0.06981382978723401,0.02,0.07350953014184397,12032,30,0.049813829787234004,random
mmlu-pro,22,-0.022440159574468002,0.02,0.9239444813829787,12032,30,0.0024401595744680017,random
mmlu-pro,23,-0.009059175531914,0.02,0.5413065159574467,12032,30,0.010940824468086,random
mmlu-pro,24,-0.15915890957446802,0.02,0.011339206560283688,12032,30,0.13915890957446803,random
mmlu-pro,25,-0.14411569148936101,0.02,0.016863364361702125,12032,30,0.12411569148936101,random
mmlu-pro,26,-0.125,0.02,0.016747007978723406,12032,30,0.105,random
mmlu-pro,27,-0.040309175531914,0.02,0.30042386968085105,12032,30,0.020309175531914,random
mmlu-pro,28,0.08469082446808501,0.02,0.050828346631205674,12032,30,0.06469082446808501,random
mmlu-pro,29,-0.258976063829787,0.02,0.006432845744680851,12032,30,0.238976063829787,random
mmlu-pro,30,0.05252659574468001,0.02,0.18011136968085106,12032,30,0.032526595744680004,random
mmlu-pro,31,0.431183510638297,0.02,0.0035405585106382978,12032,30,0.411183510638297,random
mmlu-pro,32,0.163979388297872,0.02,0.01420378989361702,12032,30,0.14397938829787202,random
mmlu-pro,33,-0.081449468085106,0.02,0.0455895390070922,12032,30,0.061449468085106,random
mmlu-pro,34,-0.047706117021276,0.02,0.15524434840425533,12032,30,0.027706117021276,random
mmlu-pro,35,-0.198304521276595,0.02,0.009704676418439718,12032,30,0.17830452127659502,random
mmlu-pro,36,0.17245678191489303,0.02,0.012270057624113475,12032,30,0.15245678191489304,random
mmlu-pro,37,0.021110372340425003,0.02,0.9698914007092198,12032,30,0.0011103723404250025,random
mmlu-pro,38,-8.311170212765957e-05,0.02,0.4737256205673759,12032,30,0.019916888297872342,random
mmlu-pro,39,0.20545212765957402,0.02,0.009494126773049645,12032,30,0.18545212765957403,random
mmlu-pro,40,0.19880319148936101,0.02,0.009369459219858156,12032,30,0.17880319148936102,random
mmlu-pro,41,0.08776595744680801,0.02,0.04571697695035461,12032,30,0.06776595744680801,random
mmlu-pro,42,-0.006067154255319,0.02,0.49206837322695035,12032,30,0.013932845744681,random
mmlu-pro,43,-0.155086436170212,0.02,0.016312056737588652,12032,30,0.13508643617021202,random
mmlu-pro,44,-0.08469082446808501,0.02,0.053058510638297876,12032,30,0.06469082446808501,random
mmlu-pro,45,0.13954454787234002,0.02,0.01605441046099291,12032,30,0.11954454787234002,random
mmlu-pro,46,-0.07421875,0.02,0.07101617907801418,12032,30,0.054218749999999996,random
mmlu-pro,47,0.18725066489361702,0.02,0.009754543439716313,12032,30,0.16725066489361703,random
mmlu-pro,48,0.376579122340425,0.02,0.00401706560283688,12032,30,0.356579122340425,random
mmlu-pro,49,0.42993683510638303,0.02,0.0035017730496453904,12032,30,0.409936835106383,random
mmlu-pro,50,-0.21018949468085102,0.02,0.00936114804964539,12032,30,0.19018949468085103,random
mmlu-pro,51,-0.029255319148936,0.02,0.533984375,12032,30,0.009255319148936,random
mmlu-pro,52,0.088264627659574,0.02,0.031161347517730496,12032,30,0.068264627659574,random
mmlu-pro,53,-0.272772606382978,0.02,0.006294326241134752,12032,30,0.252772606382978,random
mmlu-pro,54,-0.223154920212765,0.02,0.008643617021276594,12032,30,0.20315492021276502,random
mmlu-pro,55,0.16755319148936101,0.02,0.011325354609929079,12032,30,0.14755319148936102,random
mmlu-pro,56,-0.194065824468085,0.02,0.009452570921985816,12032,30,0.17406582446808502,random
mmlu-pro,57,-0.142204122340425,0.02,0.01646165780141844,12032,30,0.122204122340425,random
mmlu-pro,58,-0.06856715425531901,0.02,0.07261469414893616,12032,30,0.048567154255319,random
mmlu-pro,59,-0.15666555851063801,0.02,0.013840868794326241,12032,30,0.13666555851063802,random
mmlu-pro,60,-0.018284574468085003,0.02,0.9907773714539007,12032,30,0.0017154255319149977,random
mmlu-pro,61,0.11585771276595701,0.02,0.02579787234042553,12032,30,0.095857712765957,random
mmlu-pro,62,-0.13962765957446802,0.02,0.017749889184397166,12032,30,0.11962765957446801,random
mmlu-pro,63,0.35796210106382903,0.02,0.004169437056737588,12032,30,0.337962101063829,random
mmlu-pro,64,-0.13372672872340402,0.02,0.01684951241134752,12032,30,0.11372672872340402,random
mmlu-pro,65,0.006316489361702001,0.02,0.1765237145390071,12032,30,0.013683510638298,random
mmlu-pro,66,-0.06366356382978701,0.02,0.1429548980496454,12032,30,0.043663563829787005,random
mmlu-pro,67,0.256565824468085,0.02,0.007233488475177305,12032,30,0.23656582446808502,random
mmlu-pro,68,-0.056599069148936004,0.02,0.10543273492907801,12032,30,0.036599069148936,random
mmlu-pro,69,-0.13015292553191402,0.02,0.0221271054964539,12032,30,0.11015292553191401,random
mmlu-pro,70,-0.225648271276595,0.02,0.008391511524822695,12032,30,0.20564827127659502,random
mmlu-pro,71,-0.173703457446808,0.02,0.012009640957446808,12032,30,0.15370345744680802,random
mmlu-pro,72,-0.120761303191489,0.02,0.02205230496453901,12032,30,0.100761303191489,random
mmlu-pro,73,0.131067154255319,0.02,0.021836214539007092,12032,30,0.111067154255319,random
mmlu-pro,74,-0.08277925531914801,0.02,0.05780418882978723,12032,30,0.062779255319148,random
mmlu-pro,75,-0.177609707446808,0.02,0.011095412234042553,12032,30,0.15760970744680802,random
mmlu-pro,76,-0.172955452127659,0.02,0.01129765070921986,12032,30,0.15295545212765901,random
mmlu-pro,77,-0.020528590425531002,0.02,0.9251994680851063,12032,30,0.0005285904255310017,random
mmlu-pro,78,-0.41356382978723405,0.02,0.003457446808510638,12032,30,0.39356382978723403,random
mmlu-pro,79,-0.378823138297872,0.02,0.004438164893617021,12032,30,0.358823138297872,random
mmlu-pro,80,-0.18808178191489303,0.02,0.010114694148936171,12032,30,0.16808178191489304,random
mmlu-pro,81,-0.16863364361702102,0.02,0.013605385638297872,12032,30,0.14863364361702103,random
mmlu-pro,82,-0.26953125,0.02,0.005596187943262412,12032,30,0.24953125,random
mmlu-pro,83,0.069148936170212,0.02,0.07163951684397163,12032,30,0.049148936170212,random
mmlu-pro,84,0.16605718085106302,0.02,0.012608045212765958,12032,30,0.14605718085106303,random
mmlu-pro,85,0.251662234042553,0.02,0.007111591312056738,12032,30,0.231662234042553,random
mmlu-pro,86,-0.34616023936170204,0.02,0.004474179964539008,12032,30,0.326160239361702,random
mmlu-pro,87,-0.41356382978723405,0.02,0.0036513741134751774,12032,30,0.39356382978723403,random
mmlu-pro,88,-0.07637965425531901,0.02,0.05365691489361702,12032,30,0.056379654255319,random
mmlu-pro,89,0.011469414893617,0.02,0.7344636524822694,12032,30,0.008530585106383,random
mmlu-pro,90,-0.006150265957446,0.02,0.533704565602837,12032,30,0.013849734042554001,random
mmlu-pro,91,0.023936170212765003,0.02,0.8791361923758866,12032,30,0.003936170212765003,random
mmlu-pro,92,0.23520611702127603,0.02,0.00777094414893617,12032,30,0.21520611702127604,random
mmlu-pro,93,-0.304438164893617,0.02,0.0053523936170212765,12032,30,0.284438164893617,random
mmlu-pro,94,-0.35231050531914804,0.02,0.004571143617021277,12032,30,0.332310505319148,random
mmlu-pro,95,0.15832779255319102,0.02,0.013284020390070922,12032,30,0.13832779255319103,random
mmlu-pro,96,0.22323803191489303,0.02,0.00797872340425532,12032,30,0.20323803191489304,random
mmlu-pro,97,-0.011303191489361,0.02,0.575958554964539,12032,30,0.008696808510639,random
mmlu-pro,98,-0.23213098404255303,0.02,0.007543772163120567,12032,30,0.21213098404255304,random
mmlu-pro,99,-0.422373670212765,0.02,0.003521165780141844,12032,30,0.402373670212765,random
truthfulqa,0,0.34937888198757705,0.02,0.08048654244306418,644,30,0.32937888198757703,random
truthfulqa,1,0.063664596273291,0.02,0.5472049689440993,644,30,0.043664596273291,random
truthfulqa,2,-0.031055900621118,0.02,0.9755175983436853,644,30,0.011055900621118001,random
truthfulqa,3,0.018633540372670003,0.02,0.9998447204968943,644,30,0.0013664596273299974,random
truthfulqa,4,0.09937888198757701,0.02,0.40248447204968946,644,30,0.079378881987577,random
truthfulqa,5,0.24689440993788803,0.02,0.12613871635610766,644,30,0.22689440993788804,random
truthfulqa,6,-0.038819875776397006,0.02,0.7858178053830227,644,30,0.018819875776397006,random
truthfulqa,7,-0.10093167701863301,0.02,0.30973084886128366,644,30,0.080931677018633,random
truthfulqa,8,0.0015527950310550002,0.02,0.9417184265010352,644,30,0.018447204968945,random
truthfulqa,9,-0.10093167701863301,0.02,0.3230331262939959,644,30,0.080931677018633,random
truthfulqa,10,0.31055900621118004,0.02,0.09358178053830228,644,30,0.29055900621118,random
truthfulqa,11,-0.037267080745341005,0.02,0.8854037267080745,644,30,0.017267080745341005,random
truthfulqa,12,0.136645962732919,0.02,0.2320910973084886,644,30,0.11664596273291901,random
truthfulqa,13,-0.09782608695652101,0.02,0.3184782608695652,644,30,0.077826086956521,random
truthfulqa,14,0.043478260869565,0.02,0.8399068322981367,644,30,0.023478260869565,random
truthfulqa,15,-0.031055900621118,0.02,0.9357660455486542,644,30,0.011055900621118001,random
truthfulqa,16,0.10403726708074501,0.02,0.37815734989648037,644,30,0.084037267080745,random
truthfulqa,17,-0.20186335403726702,0.02,0.1632505175983437,644,30,0.18186335403726703,random
truthfulqa,18,-0.017080745341614002,0.02,0.9969461697722567,644,30,0.002919254658385998,random
truthfulqa,19,0.038819875776397006,0.02,0.8581780538302277,644,30,0.018819875776397006,random
truthfulqa,20,-0.419254658385093,0.02,0.06418219461697723,644,30,0.399254658385093,random
truthfulqa,21,0.068322981366459,0.02,0.49756728778467907,644,30,0.048322981366459,random
truthfulqa,22,-0.119565217391304,0.02,0.23850931677018633,644,30,0.099565217391304,random
truthfulqa,23,-0.049689440993788005,0.02,0.7196169772256729,644,30,0.029689440993788004,random
truthfulqa,24,-0.31211180124223603,0.02,0.08700828157349896,644,30,0.292111801242236,random
truthfulqa,25,-0.14596273291925402,0.02,0.19420289855072465,644,30,0.12596273291925403,random
truthfulqa,26,-0.118012422360248,0.02,0.3024844720496895,644,30,0.098012422360248,random
truthfulqa,27,-0.0031055900621110005,0.02,0.9431677018633541,644,30,0.016894409937889,random
truthfulqa,28,-0.027950310559006004,0.02,0.9892857142857143,644,30,0.007950310559006003,random
truthfulqa,29,0.023291925465838,0.02,0.996583850931677,644,30,0.0032919254658380012,random
truthfulqa,30,-0.20807453416149002,0.02,0.15600414078674948,644,30,0.18807453416149003,random
truthfulqa,31,0.029503105590062,0.02,0.9639233954451345,644,30,0.009503105590062,random
truthfulqa,32,-0.07919254658385001,0.02,0.39378881987577635,644,30,0.05919254658385001,random
truthfulqa,33,-0.051242236024844005,0.02,0.7699792960662525,644,30,0.031242236024844005,random
truthfulqa,34,0.14751552795031,0.02,0.22127329192546583,644,30,0.12751552795031001,random
truthfulqa,35,0.06987577639751501,0.02,0.5708074534161491,644,30,0.049875776397515004,random
truthfulqa,36,-0.37577639751552705,0.02,0.07525879917184265,644,30,0.35577639751552703,random
truthfulqa,37,0.340062111801242,0.02,0.081055900621118,644,30,0.320062111801242,random
truthfulqa,38,-0.027950310559006004,0.02,0.9894409937888199,644,30,0.007950310559006003,random
truthfulqa,39,-0.44409937888198703,0.02,0.05760869565217391,644,30,0.424099378881987,random
truthfulqa,40,0.062111801242236,0.02,0.572360248447205,644,30,0.042111801242236,random
truthfulqa,41,0.17546583850931602,0.02,0.15895445134575567,644,30,0.15546583850931603,random
truthfulqa,42,0.017080745341614002,0.02,0.9967908902691512,644,30,0.002919254658385998,random
truthfulqa,43,0.032608695652173,0.02,0.9540372670807453,644,30,0.012608695652173003,random
truthfulqa,44,-0.007763975155279001,0.02,0.9770186335403727,644,30,0.012236024844721,random
truthfulqa,45,-0.07919254658385001,0.02,0.40232919254658384,644,30,0.05919254658385001,random
truthfulqa,46,-0.218944099378881,0.02,0.1357142857142857,644,30,0.19894409937888102,random
truthfulqa,47,0.282608695652173,0.02,0.09658385093167701,644,30,0.262608695652173,random
truthfulqa,48,-0.17857142857142802,0.02,0.16097308488612835,644,30,0.15857142857142803,random
truthfulqa,49,0.245341614906832,0.02,0.1153726708074534,644,30,0.22534161490683202,random
truthfulqa,50,0.122670807453416,0.02,0.23649068322981365,644,30,0.102670807453416,random
truthfulqa,51,0.124223602484472,0.02,0.26143892339544517,644,30,0.104223602484472,random
truthfulqa,52,-0.392857142857142,0.02,0.0681159420289855,644,30,0.372857142857142,random
truthfulqa,53,0.10869565217391301,0.02,0.29570393374741205,644,30,0.08869565217391301,random
truthfulqa,54,-0.39751552795031003,0.02,0.06252587991718427,644,30,0.37751552795031,random
truthfulqa,55,0.31055900621118004,0.02,0.08654244306418218,644,30,0.29055900621118,random
truthfulqa,56,-0.0015527950310550002,0.02,0.8615424430641823,644,30,0.018447204968945,random
truthfulqa,57,-0.15527950310559002,0.02,0.19715320910973086,644,30,0.13527950310559003,random
truthfulqa,58,0.470496894409937,0.02,0.05703933747412008,644,30,0.450496894409937,random
truthfulqa,59,0.37732919254658304,0.02,0.06806418219461698,644,30,0.357329192546583,random
truthfulqa,60,-0.287267080745341,0.02,0.09653209109730848,644,30,0.267267080745341,random
truthfulqa,61,-0.066770186335403,0.02,0.6040890269151139,644,30,0.046770186335403,random
truthfulqa,62,-0.400621118012422,0.02,0.0651656314699793,644,30,0.380621118012422,random
truthfulqa,63,0.48602484472049606,0.02,0.05605590062111801,644,30,0.46602484472049605,random
truthfulqa,64,0.18167701863354002,0.02,0.15978260869565217,644,30,0.16167701863354003,random
truthfulqa,65,-0.17391304347826,0.02,0.15025879917184265,644,30,0.15391304347826001,random
truthfulqa,66,0.051242236024844005,0.02,0.6886645962732919,644,30,0.031242236024844005,random
truthfulqa,67,0.015527950310559,0.02,0.9966873706004141,644,30,0.004472049689441,random
truthfulqa,68,-0.027950310559006004,0.02,0.9771739130434782,644,30,0.007950310559006003,random
truthfulqa,69,-0.13975155279503101,0.02,0.22251552795031057,644,30,0.11975155279503101,random
truthfulqa,70,-0.378881987577639,0.02,0.07355072463768116,644,30,0.358881987577639,random
truthfulqa,71,-0.038819875776397006,0.02,0.9055900621118013,644,30,0.018819875776397006,random
truthfulqa,72,-0.42236024844720504,0.02,0.06640786749482401,644,30,0.402360248447205,random
truthfulqa,73,-0.31055900621118004,0.02,0.09301242236024844,644,30,0.29055900621118,random
truthfulqa,74,-0.141304347826086,0.02,0.23907867494824017,644,30,0.121304347826086,random
truthfulqa,75,0.18788819875776303,0.02,0.14824016563146997,644,30,0.16788819875776304,random
truthfulqa,76,0.026397515527950003,0.02,0.9863871635610766,644,30,0.006397515527950003,random
truthfulqa,77,0.052795031055900006,0.02,0.6691511387163561,644,30,0.03279503105590001,random
truthfulqa,78,0.16925465838509302,0.02,0.18059006211180123,644,30,0.14925465838509303,random
truthfulqa,79,-0.23136645962732902,0.02,0.12681159420289856,644,30,0.21136645962732903,random
truthfulqa,80,0.15838509316770102,0.02,0.1865424430641822,644,30,0.13838509316770103,random
truthfulqa,81,0.07142857142857101,0.02,0.4369565217391304,644,30,0.051428571428571004,random
truthfulqa,82,-0.07919254658385001,0.02,0.4427536231884058,644,30,0.05919254658385001,random
truthfulqa,83,-0.118012422360248,0.02,0.24373706004140785,644,30,0.098012422360248,random
truthfulqa,84,0.06987577639751501,0.02,0.5437888198757764,644,30,0.049875776397515004,random
truthfulqa,85,0.133540372670807,0.02,0.22215320910973085,644,30,0.11354037267080701,random
truthfulqa,86,0.051242236024844005,0.02,0.6580745341614908,644,30,0.031242236024844005,random
truthfulqa,87,-0.42236024844720504,0.02,0.06206004140786749,644,30,0.402360248447205,random
truthfulqa,88,-0.22515527950310502,0.02,0.1303312629399586,644,30,0.20515527950310503,random
truthfulqa,89,0.248447204968944,0.02,0.11061076604554866,644,30,0.22844720496894402,random
truthfulqa,90,-0.232919254658385,0.02,0.11568322981366459,644,30,0.21291925465838502,random
truthfulqa,91,-0.007763975155279001,0.02,0.9431159420289855,644,30,0.012236024844721,random
truthfulqa,92,-0.164596273291925,0.02,0.15817805383022773,644,30,0.144596273291925,random
truthfulqa,93,0.31832298136645903,0.02,0.08121118012422361,644,30,0.298322981366459,random
truthfulqa,94,0.035714285714285005,0.02,0.9398550724637681,644,30,0.015714285714285004,random
truthfulqa,95,-0.09782608695652101,0.02,0.31697722567287784,644,30,0.077826086956521,random
truthfulqa,96,-0.33229813664596203,0.02,0.08115942028985508,644,30,0.312298136645962,random
truthfulqa,97,-0.11180124223602401,0.02,0.305952380952381,644,30,0.09180124223602401,random
truthfulqa,98,-0.47360248447204906,0.02,0.05672877846790891,644,30,0.45360248447204904,random
truthfulqa,99,0.116459627329192,0.02,0.26128364389233955,644,30,0.096459627329192,random
winogrande,0,0.086124401913875,0.02,0.3529505582137161,1045,30,0.066124401913875,random
winogrande,1,-0.057416267942583005,0.02,0.5959808612440192,1045,30,0.037416267942583,random
winogrande,2,0.072727272727272,0.02,0.38912280701754387,1045,30,0.052727272727272,random
winogrande,3,0.07081339712918601,0.02,0.47326953748006384,1045,30,0.050813397129186005,random
winogrande,4,0.105263157894736,0.02,0.1865390749601276,1045,30,0.085263157894736,random
winogrande,5,-0.004784688995215,0.02,0.9496331738437002,1045,30,0.015215311004785001,random
winogrande,6,0.020095693779904,0.02,0.9998724082934609,1045,30,9.569377990399988e-05,random
winogrande,7,-0.042105263157894,0.02,0.8492185007974482,1045,30,0.022105263157894,random
winogrande,8,0.051674641148325005,0.02,0.5161084529505582,1045,30,0.03167464114832501,random
winogrande,9,0.061244019138755004,0.02,0.42526315789473684,1045,30,0.041244019138755,random
winogrande,10,0.0038277511961720004,0.02,0.9263157894736842,1045,30,0.016172248803828,random
winogrande,11,0.11483253588516701,0.02,0.1982775119617225,1045,30,0.094832535885167,random
winogrande,12,-0.09377990430622,0.02,0.22896331738437004,1045,30,0.07377990430622,random
winogrande,13,-0.14449760765550201,0.02,0.15901116427432216,1045,30,0.12449760765550201,random
winogrande,14,0.13397129186602802,0.02,0.18239234449760763,1045,30,0.11397129186602802,random
winogrande,15,0.06220095693779901,0.02,0.3791387559808612,1045,30,0.042200956937799,random
winogrande,16,0.040191387559808,0.02,0.8228389154704945,1045,30,0.020191387559808,random
winogrande,17,0.019138755980861,0.02,0.9930781499202551,1045,30,0.000861244019139,random
winogrande,18,-0.035406698564593005,0.02,0.86688995215311,1045,30,0.015406698564593004,random
winogrande,19,0.041148325358851004,0.02,0.8308133971291867,1045,30,0.021148325358851004,random
winogrande,20,-0.0009569377990430001,0.02,0.9261244019138757,1045,30,0.019043062200957,random
winogrande,21,-0.010526315789473,0.02,0.8779904306220095,1045,30,0.009473684210527,random
winogrande,22,-0.08325358851674601,0.02,0.33154704944178626,1045,30,0.063253588516746,random
winogrande,23,-0.14928229665071702,0.02,0.14963317384370015,1045,30,0.12928229665071703,random
winogrande,24,-0.035406698564593005,0.02,0.8935247208931419,1045,30,0.015406698564593004,random
winogrande,25,0.085167464114832,0.02,0.275725677830941,1045,30,0.065167464114832,random
winogrande,26,0.042105263157894,0.02,0.725805422647528,1045,30,0.022105263157894,random
winogrande,27,0.07846889952153101,0.02,0.39323763955342905,1045,30,0.058468899521531004,random
winogrande,28,-0.11866028708133901,0.02,0.21850079744816586,1045,30,0.098660287081339,random
winogrande,29,-0.019138755980861,0.02,0.9999362041467305,1045,30,0.000861244019139,random
winogrande,30,0.06698564593301401,0.02,0.3103030303030303,1045,30,0.046985645933014006,random
winogrande,31,-0.067942583732057,0.02,0.3948325358851675,1045,30,0.047942583732056995,random
winogrande,32,-0.14162679425837302,0.02,0.13553429027113237,1045,30,0.12162679425837301,random
winogrande,33,-0.005741626794258,0.02,0.9081020733652313,1045,30,0.014258373205742001,random
winogrande,34,-0.055502392344497005,0.02,0.5135885167464115,1045,30,0.03550239234449701,random
winogrande,35,-0.015311004784688002,0.02,0.9935247208931419,1045,30,0.004688995215311999,random
winogrande,36,-0.031578947368421005,0.02,0.927432216905901,1045,30,0.011578947368421005,random
winogrande,37,-0.005741626794258,0.02,0.9393939393939394,1045,30,0.014258373205742001,random
winogrande,38,0.00956937799043,0.02,0.8673365231259968,1045,30,0.01043062200957,random
winogrande,39,0.029665071770334003,0.02,0.9744497607655502,1045,30,0.009665071770334002,random
winogrande,40,0.036363636363636,0.02,0.8902711323763955,1045,30,0.016363636363636,random
winogrande,41,-0.04688995215311,0.02,0.6833492822966508,1045,30,0.026889952153110002,random
winogrande,42,0.073684210526315,0.02,0.3665390749601276,1045,30,0.053684210526315,random
winogrande,43,0.033492822966507005,0.02,0.9207017543859649,1045,30,0.013492822966507004,random
winogrande,44,0.017224880382775,0.02,0.9981818181818182,1045,30,0.0027751196172249998,random
winogrande,45,0.044976076555023004,0.02,0.7038277511961722,1045,30,0.024976076555023003,random
winogrande,46,-0.044976076555023004,0.02,0.7425518341307815,1045,30,0.024976076555023003,random
winogrande,47,-0.02200956937799,0.02,0.9979585326953748,1045,30,0.0020095693779899997,random
winogrande,48,-0.085167464114832,0.02,0.22657097288676237,1045,30,0.065167464114832,random
winogrande,49,0.15693779904306202,0.02,0.13374800637958534,1045,30,0.13693779904306203,random
winogrande,50,-0.08325358851674601,0.02,0.39365231259968103,1045,30,0.063253588516746,random
winogrande,51,0.072727272727272,0.02,0.3576076555023924,1045,30,0.052727272727272,random
winogrande,52,0.023923444976076003,0.02,0.9964912280701754,1045,30,0.003923444976076003,random
winogrande,53,0.011483253588516,0.02,0.9768421052631578,1045,30,0.008516746411484,random
winogrande,54,0.09569377990430601,0.02,0.29990430622009573,1045,30,0.07569377990430601,random
winogrande,55,0.088995215311004,0.02,0.34800637958532693,1045,30,0.068995215311004,random
winogrande,56,-0.0038277511961720004,0.02,0.9110047846889952,1045,30,0.016172248803828,random
winogrande,57,-0.004784688995215,0.02,0.9124401913875598,1045,30,0.015215311004785001,random
winogrande,58,-0.013397129186602002,0.02,0.9418819776714514,1045,30,0.0066028708133979985,random
winogrande,59,0.09186602870813301,0.02,0.2862838915470494,1045,30,0.07186602870813301,random
winogrande,60,-0.071770334928229,0.02,0.29901116427432217,1045,30,0.051770334928228995,random
winogrande,61,-0.017224880382775,0.02,0.9970972886762361,1045,30,0.0027751196172249998,random
winogrande,62,-0.109090909090909,0.02,0.19738437001594897,1045,30,0.089090909090909,random
winogrande,63,-0.002870813397129,0.02,0.8754385964912281,1045,30,0.017129186602871,random
winogrande,64,-0.033492822966507005,0.02,0.8988835725677831,1045,30,0.013492822966507004,random
winogrande,65,-0.10430622009569301,0.02,0.20175438596491227,1045,30,0.08430622009569301,random
winogrande,66,0.04593301435406601,0.02,0.7382775119617225,1045,30,0.025933014354066006,random
winogrande,67,0.04593301435406601,0.02,0.8243700159489633,1045,30,0.025933014354066006,random
winogrande,68,0.014354066985645002,0.02,0.988421052631579,1045,30,0.005645933014354999,random
winogrande,69,-0.0009569377990430001,0.02,0.9236044657097289,1045,30,0.019043062200957,random
winogrande,70,-0.133014354066985,0.02,0.1755023923444976,1045,30,0.113014354066985,random
winogrande,71,-0.065071770334928,0.02,0.45074960127591707,1045,30,0.045071770334928,random
winogrande,72,-0.142583732057416,0.02,0.17084529505582138,1045,30,0.122583732057416,random
winogrande,73,-0.049760765550239006,0.02,0.6652312599681021,1045,30,0.029760765550239005,random
winogrande,74,0.055502392344497005,0.02,0.6031578947368421,1045,30,0.03550239234449701,random
winogrande,75,0.025837320574162003,0.02,0.9913875598086125,1045,30,0.005837320574162003,random
winogrande,76,-0.059330143540669004,0.02,0.5206379585326953,1045,30,0.03933014354066901,random
winogrande,77,0.04688995215311,0.02,0.5533971291866029,1045,30,0.026889952153110002,random
winogrande,78,0.097607655502392,0.02,0.29333333333333333,1045,30,0.077607655502392,random
winogrande,79,0.180861244019138,0.02,0.12223285486443382,1045,30,0.160861244019138,random
winogrande,80,-0.038277511961722,0.02,0.8642105263157894,1045,30,0.018277511961722,random
winogrande,81,-0.07559808612440101,0.02,0.3691547049441786,1045,30,0.05559808612440101,random
winogrande,82,-0.06315789473684201,0.02,0.5108452950558214,1045,30,0.043157894736842006,random
winogrande,83,0.008612440191387,0.02,0.9781499202551834,1045,30,0.011387559808613,random
winogrande,84,-0.0009569377990430001,0.02,0.561244019138756,1045,30,0.019043062200957,random
winogrande,85,-0.058373205741626,0.02,0.5754704944178628,1045,30,0.038373205741626004,random
winogrande,86,-0.15119617224880302,0.02,0.1481658692185008,1045,30,0.13119617224880303,random
winogrande,87,0.011483253588516,0.02,0.9706539074960128,1045,30,0.008516746411484,random
winogrande,88,-0.125358851674641,0.02,0.17840510366826157,1045,30,0.105358851674641,random
winogrande,89,-0.04401913875598,0.02,0.7309090909090908,1045,30,0.02401913875598,random
winogrande,90,-0.08133971291866,0.02,0.3283572567783094,1045,30,0.06133971291866,random
winogrande,91,-0.092822966507177,0.02,0.297097288676236,1045,30,0.072822966507177,random
winogrande,92,0.061244019138755004,0.02,0.5257416267942584,1045,30,0.041244019138755,random
winogrande,93,0.042105263157894,0.02,0.7771929824561403,1045,30,0.022105263157894,random
winogrande,94,-0.067942583732057,0.02,0.49760765550239233,1045,30,0.047942583732056995,random
winogrande,95,0.180861244019138,0.02,0.10660287081339713,1045,30,0.160861244019138,random
winogrande,96,-0.10334928229665001,0.02,0.21719298245614033,1045,30,0.08334928229665,random
winogrande,97,0.007655502392344001,0.02,0.9544497607655502,1045,30,0.012344497607656,random
winogrande,98,0.11100478468899501,0.02,0.23441786283891547,1045,30,0.091004784688995,random
winogrande,99,0.07464114832535801,0.02,0.34169059011164277,1045,30,0.054641148325358005,random
arc,0,-0.020142180094786,0.02,0.9984834123222748,844,100,0.00014218009478600066,margin_nearest
arc,1,-0.020142180094786,0.02,0.9924881516587678,844,100,0.00014218009478600066,margin_nearest
arc,2,-0.020142180094786,0.02,0.9999526066350711,844,100,0.00014218009478600066,margin_nearest
arc,3,-0.020142180094786,0.02,0.9945853080568721,844,100,0.00014218009478600066,margin_nearest
arc,4,-0.020142180094786,0.02,0.9999644549763034,844,100,0.00014218009478600066,margin_nearest
arc,5,0.020142180094786,0.02,0.9965876777251185,844,100,0.00014218009478600066,margin_nearest
arc,6,-0.020142180094786,0.02,0.9894668246445498,844,100,0.00014218009478600066,margin_nearest
arc,7,-0.020142180094786,0.02,0.9902014218009478,844,100,0.00014218009478600066,margin_nearest
arc,8,-0.020142180094786,0.02,0.9989691943127963,844,100,0.00014218009478600066,margin_nearest
arc,9,-0.020142180094786,0.02,0.9867535545023697,844,100,0.00014218009478600066,margin_nearest
arc,10,-0.020142180094786,0.02,0.9930450236966825,844,100,0.00014218009478600066,margin_nearest
arc,11,0.020142180094786,0.02,0.9987559241706161,844,100,0.00014218009478600066,margin_nearest
arc,12,0.020142180094786,0.02,0.993175355450237,844,100,0.00014218009478600066,margin_nearest
arc,13,0.020142180094786,0.02,0.9999407582938389,844,100,0.00014218009478600066,margin_nearest
arc,14,0.020142180094786,0.02,0.9947867298578198,844,100,0.00014218009478600066,margin_nearest
arc,15,0.020142180094786,0.02,0.9999407582938389,844,100,0.00014218009478600066,margin_nearest
arc,16,0.020142180094786,0.02,0.9947393364928909,844,100,0.00014218009478600066,margin_nearest
arc,17,0.020142180094786,0.02,0.9892772511848341,844,100,0.00014218009478600066,margin_nearest
arc,18,0.020142180094786,0.02,0.9999170616113744,844,100,0.00014218009478600066,margin_nearest
arc,19,0.020142180094786,0.02,0.9937085308056872,844,100,0.00014218009478600066,margin_nearest
composite,0,0.019949864215583,0.02,0.9736599122623772,9574,100,5.013578441699987e-05,margin_nearest
composite,1,0.019949864215583,0.02,0.9999738876122832,9574,100,5.013578441699987e-05,margin_nearest
composite,2,0.019949864215583,0.02,0.9860048046793399,9574,100,5.013578441699987e-05,margin_nearest
composite,3,0.019949864215583,0.02,0.9648495926467515,9574,100,5.013578441699987e-05,margin_nearest
composite,4,0.019949864215583,0.02,0.979352412784625,9574,100,5.013578441699987e-05,margin_nearest
composite,5,-0.019949864215583,0.02,0.9901754752454565,9574,100,5.013578441699987e-05,margin_nearest
composite,6,0.019949864215583,0.02,0.9782671819511176,9574,100,5.013578441699987e-05,margin_nearest
composite,7,0.019949864215583,0.02,0.97838312095258,9574,100,5.013578441699987e-05,margin_nearest
composite,8,0.019949864215583,0.02,0.983294338834343,9574,100,5.013578441699987e-05,margin_nearest
composite,9,-0.019949864215583,0.02,0.9911552120325883,9574,100,5.013578441699987e-05,margin_nearest
composite,10,-0.019949864215583,0.02,0.9680206810110716,9574,100,5.013578441699987e-05,margin_nearest
composite,11,-0.019949864215583,0.02,0.9586505118027993,9574,100,5.013578441699987e-05,margin_nearest
composite,12,0.019949864215583,0.02,0.9814351368289117,9574,100,5.013578441699987e-05,margin_nearest
composite,13,-0.019949864215583,0.02,0.9406402757468143,9574,100,5.013578441699987e-05,margin_nearest
composite,14,-0.019949864215583,0.02,0.9878483392521411,9574,100,5.013578441699987e-05,margin_nearest
composite,15,-0.019949864215583,0.02,0.9774012951744308,9574,100,5.013578441699987e-05,margin_nearest
composite,16,0.019949864215583,0.02,0.9850135784416127,9574,100,5.013578441699987e-05,margin_nearest
composite,17,0.019949864215583,0.02,0.9556674326300397,9574,100,5.013578441699987e-05,margin_nearest
composite,18,0.019949864215583,0.02,0.9729486108209734,9574,100,5.013578441699987e-05,margin_nearest
composite,19,0.019949864215583,0.02,0.9792187173595154,9574,100,5.013578441699987e-05,margin_nearest
gsm8k,0,-0.019908116385911,0.02,0.9928407350689128,1306,100,9.188361408899934e-05,margin_nearest
gsm8k,1,0.019908116385911,0.02,0.9981163859111791,1306,100,9.188361408899934e-05,margin_nearest
gsm8k,2,-0.019908116385911,0.02,0.9906431852986217,1306,100,9.188361408899934e-05,margin_nearest
gsm8k,3,-0.019908116385911,0.02,0.9909494640122511,1306,100,9.188361408899934e-05,margin_nearest
gsm8k,4,0.019908116385911,0.02,0.9774196018376723,1306,100,9.188361408899934e-05,margin_nearest
gsm8k,5,0.019908116385911,0.02,0.9965160796324656,1306,100,9.188361408899934e-05,margin_nearest
gsm8k,6,-0.019908116385911,0.02,0.9721745788667688,1306,100,9.188361408899934e-05,margin_nearest
gsm8k,7,-0.019908116385911,0.02,0.9950459418070444,1306,100,9.188361408899934e-05,margin_nearest
gsm8k,8,0.019908116385911,0.02,0.9986370597243491,1306,100,9.188361408899934e-05,margin_nearest
gsm8k,9,-0.019908116385911,0.02,0.9928407350689128,1306,100,9.188361408899934e-05,margin_nearest
gsm8k,10,0.019908116385911,0.02,0.9895405819295559,1306,100,9.188361408899934e-05,margin_nearest
gsm8k,11,0.019908116385911,0.02,0.9985145482388974,1306,100,9.188361408899934e-05,margin_nearest
gsm8k,12,0.019908116385911,0.02,0.981531393568147,1306,100,9.188361408899934e-05,margin_nearest
gsm8k,13,0.019908116385911,0.02,0.9997549770290965,1306,100,9.188361408899934e-05,margin_nearest
gsm8k,14,-0.019908116385911,0.02,0.9998162327718224,1306,100,9.188361408899934e-05,margin_nearest
gsm8k,15,-0.019908116385911,0.02,0.9984150076569678,1306,100,9.188361408899934e-05,margin_nearest
gsm8k,16,0.019908116385911,0.02,0.9903675344563553,1306,100,9.188361408899934e-05,margin_nearest
gsm8k,17,0.019908116385911,0.02,0.9920290964777948,1306,100,9.188361408899934e-05,margin_nearest
gsm8k,18,0.019908116385911,0.02,0.9878713629402757,1306,100,9.188361408899934e-05,margin_nearest
gsm8k,19,0.019908116385911,0.02,0.9997932618683002,1306,100,9.188361408899934e-05,margin_nearest
hellaswag,0,0.019961477849763,0.02,0.9991315006128524,5711,100,3.852215023699909e-05,margin_nearest
hellaswag,1,-0.019961477849763,0.02,0.9999947469795133,5711,100,3.852215023699909e-05,margin_nearest
hellaswag,2,-0.019961477849763,0.02,0.9918403081772018,5711,100,3.852215023699909e-05,margin_nearest
hellaswag,3,0.019961477849763,0.02,0.9920574330239889,5711,100,3.852215023699909e-05,margin_nearest
hellaswag,4,0.019961477849763,0.02,0.9753335668009104,5711,100,3.852215023699909e-05,margin_nearest
hellaswag,5,0.019961477849763,0.02,0.9915548940640869,5711,100,3.852215023699909e-05,margin_nearest
hellaswag,6,-0.019961477849763,0.02,0.9958553668359307,5711,100,3.852215023699909e-05,margin_nearest
hellaswag,7,-0.019961477849763,0.02,0.9783207844510593,5711,100,3.852215023699909e-05,margin_nearest
hellaswag,8,-0.019961477849763,0.02,0.9746104009805638,5711,100,3.852215023699909e-05,margin_nearest
hellaswag,9,-0.019961477849763,0.02,0.9999929959726843,5711,100,3.852215023699909e-05,margin_nearest
hellaswag,10,-0.019961477849763,0.02,0.9752635265277534,5711,100,3.852215023699909e-05,margin_nearest
hellaswag,11,-0.019961477849763,0.02,0.9939257573104535,5711,100,3.852215023699909e-05,margin_nearest
hellaswag,12,-0.019961477849763,0.02,0.999996497986342,5711,100,3.852215023699909e-05,margin_nearest
hellaswag,13,0.019961477849763,0.02,0.9894466818420592,5711,100,3.852215023699909e-05,margin_nearest
hellaswag,14,-0.019961477849763,0.02,0.9846699352127473,5711,100,3.852215023699909e-05,margin_nearest
hellaswag,15,-0.019961477849763,0.02,0.9735230257398004,5711,100,3.852215023699909e-05,margin_nearest
hellaswag,16,0.019961477849763,0.02,0.9931798284013308,5711,100,3.852215023699909e-05,margin_nearest
hellaswag,17,-0.019961477849763,0.02,0.9899719838907372,5711,100,3.852215023699909e-05,margin_nearest
hellaswag,18,0.019961477849763,0.02,0.9935107686919978,5711,100,3.852215023699909e-05,margin_nearest
hellaswag,19,-0.019961477849763,0.02,0.9999929959726843,5711,100,3.852215023699909e-05,margin_nearest
mmlu-pro,0,-0.020029920212765003,0.02,0.9821933178191489,12032,100,2.9920212765002785e-05,margin_nearest
mmlu-pro,1,0.020029920212765003,0.02,0.9749933510638297,12032,100,2.9920212765002785e-05,margin_nearest
mmlu-pro,2,-0.020029920212765003,0.02,0.9852210771276596,12032,100,2.9920212765002785e-05,margin_nearest
mmlu-pro,3,-0.020029920212765003,0.02,0.994678357712766,12032,100,2.9920212765002785e-05,margin_nearest
mmlu-pro,4,-0.020029920212765003,0.02,0.9999842087765957,12032,100,2.9920212765002785e-05,margin_nearest
mmlu-pro,5,0.020029920212765003,0.02,0.9743126662234043,12032,100,2.9920212765002785e-05,margin_nearest
mmlu-pro,6,-0.020029920212765003,0.02,0.9751645611702128,12032,100,2.9920212765002785e-05,margin_nearest
mmlu-pro,7,-0.020029920212765003,0.02,0.9535887632978723,12032,100,2.9920212765002785e-05,margin_nearest
mmlu-pro,8,0.020029920212765003,0.02,0.9900407247340425,12032,100,2.9920212765002785e-05,margin_nearest
mmlu-pro,9,-0.020029920212765003,0.02,0.9901313164893617,12032,100,2.9920212765002785e-05,margin_nearest
mmlu-pro,10,-0.020029920212765003,0.02,0.9717461768617021,12032,100,2.9920212765002785e-05,margin_nearest
mmlu-pro,11,-0.020029920212765003,0.02,0.9651454454787234,12032,100,2.9920212765002785e-05,margin_nearest
mmlu-pro,12,-0.020029920212765003,0.02,0.9730634973404255,12032,100,2.9920212765002785e-05,margin_nearest
mmlu-pro,13,-0.020029920212765003,0.02,0.9999941821808511,12032,100,2.9920212765002785e-05,margin_nearest
mmlu-pro,14,-0.020029920212765003,0.02,0.9969032579787234,12032,100,2.9920212765002785e-05,margin_nearest
mmlu-pro,15,0.020029920212765003,0.02,0.9901928191489361,12032,100,2.9920212765002785e-05,margin_nearest
mmlu-pro,16,0.020029920212765003,0.02,0.9817569813829787,12032,100,2.9920212765002785e-05,margin_nearest
mmlu-pro,17,0.020029920212765003,0.02,0.9720944148936169,12032,100,2.9920212765002785e-05,margin_nearest
mmlu-pro,18,-0.020029920212765003,0.02,0.9760023271276596,12032,100,2.9920212765002785e-05,margin_nearest
mmlu-pro,19,-0.020029920212765003,0.02,0.946313164893617,12032,100,2.9920212765002785e-05,margin_nearest
truthfulqa,0,-0.020186335403726,0.02,0.995,644,100,0.00018633540372599983,margin_nearest
truthfulqa,1,-0.020186335403726,0.02,0.9998913043478261,644,100,0.00018633540372599983,margin_nearest
truthfulqa,2,-0.020186335403726,0.02,0.9968167701863354,644,100,0.00018633540372599983,margin_nearest
truthfulqa,3,0.020186335403726,0.02,0.999968944099379,644,100,0.00018633540372599983,margin_nearest
truthfulqa,4,-0.020186335403726,0.02,0.9999534161490683,644,100,0.00018633540372599983,margin_nearest
truthfulqa,5,0.020186335403726,0.02,0.99722049689441,644,100,0.00018633540372599983,margin_nearest
truthfulqa,6,0.020186335403726,0.02,0.9998291925465839,644,100,0.00018633540372599983,margin_nearest
truthfulqa,7,0.020186335403726,0.02,0.9998913043478261,644,100,0.00018633540372599983,margin_nearest
truthfulqa,8,0.020186335403726,0.02,0.994860248447205,644,100,0.00018633540372599983,margin_nearest
truthfulqa,9,-0.020186335403726,0.02,0.9964906832298136,644,100,0.00018633540372599983,margin_nearest
truthfulqa,10,-0.020186335403726,0.02,0.9999068322981367,644,100,0.00018633540372599983,margin_nearest
truthfulqa,11,0.020186335403726,0.02,0.9892701863354038,644,100,0.00018633540372599983,margin_nearest
truthfulqa,12,0.020186335403726,0.02,0.986335403726708,644,100,0.00018633540372599983,margin_nearest
truthfulqa,13,0.020186335403726,0.02,0.9939285714285714,644,100,0.00018633540372599983,margin_nearest
truthfulqa,14,-0.020186335403726,0.02,0.9998757763975155,644,100,0.00018633540372599983,margin_nearest
truthfulqa,15,0.020186335403726,0.02,0.9998913043478261,644,100,0.00018633540372599983,margin_nearest
truthfulqa,16,0.020186335403726,0.02,0.9989285714285714,644,100,0.00018633540372599983,margin_nearest
truthfulqa,17,0.020186335403726,0.02,0.9997826086956522,644,100,0.00018633540372599983,margin_nearest
truthfulqa,18,0.020186335403726,0.02,0.9997981366459627,644,100,0.00018633540372599983,margin_nearest
truthfulqa,19,0.020186335403726,0.02,0.9999223602484472,644,100,0.00018633540372599983,margin_nearest
winogrande,0,-0.020095693779904,0.02,0.9988325358851675,1045,100,9.569377990399988e-05,margin_nearest
winogrande,1,0.020095693779904,0.02,0.9979904306220095,1045,100,9.569377990399988e-05,margin_nearest
winogrande,2,0.020095693779904,0.02,0.9987177033492823,1045,100,9.569377990399988e-05,margin_nearest
winogrande,3,-0.020095693779904,0.02,0.988976076555024,1045,100,9.569377990399988e-05,margin_nearest
winogrande,4,0.020095693779904,0.02,0.994976076555024,1045,100,9.569377990399988e-05,margin_nearest
winogrande,5,0.020095693779904,0.02,0.9924019138755981,1045,100,9.569377990399988e-05,margin_nearest
winogrande,6,0.020095693779904,0.02,0.9850717703349282,1045,100,9.569377990399988e-05,margin_nearest
winogrande,7,0.020095693779904,0.02,0.9989473684210526,1045,100,9.569377990399988e-05,margin_nearest
winogrande,8,0.020095693779904,0.02,0.9999521531100478,1045,100,9.569377990399988e-05,margin_nearest
winogrande,9,-0.020095693779904,0.02,0.9999808612440191,1045,100,9.569377990399988e-05,margin_nearest
winogrande,10,-0.020095693779904,0.02,0.9999234449760767,1045,100,9.569377990399988e-05,margin_nearest
winogrande,11,0.020095693779904,0.02,0.9959521531100478,1045,100,9.569377990399988e-05,margin_nearest
winogrande,12,0.020095693779904,0.02,0.9899808612440191,1045,100,9.569377990399988e-05,margin_nearest
winogrande,13,-0.020095693779904,0.02,0.9998755980861245,1045,100,9.569377990399988e-05,margin_nearest
winogrande,14,0.020095693779904,0.02,0.9961626794258374,1045,100,9.569377990399988e-05,margin_nearest
winogrande,15,-0.020095693779904,0.02,0.9920765550239234,1045,100,9.569377990399988e-05,margin_nearest
winogrande,16,0.020095693779904,0.02,0.9981913875598086,1045,100,9.569377990399988e-05,margin_nearest
winogrande,17,0.020095693779904,0.02,0.9966794258373206,1045,100,9.569377990399988e-05,margin_nearest
winogrande,18,-0.020095693779904,0.02,0.9940861244019139,1045,100,9.569377990399988e-05,margin_nearest
winogrande,19,-0.020095693779904,0.02,0.9931866028708134,1045,100,9.569377990399988e-05,margin_nearest
