dataset,method,truth,runs,fraction,error_rate
arc,completion,A,1230,0.9267233075174355,0.0
arc,completion,B,1320,0.915337318684475,0.0
arc,completion,E,450,0.9891758820431806,0.0
arc,eb_grid,A,1230,0.5483412322274881,0.0
arc,eb_grid,B,1320,0.4619488726123797,0.0
arc,eb_grid,E,450,0.9780226434965771,0.0
arc,eb_predictable,A,1230,0.4985926482487574,0.0
arc,eb_predictable,B,1320,0.4016695389918139,0.0
arc,eb_predictable,E,450,0.9787440758293838,0.0
arc,fixed_plugin_0.1,A,1230,0.10071090047393365,0.13739837398373983
arc,fixed_plugin_0.1,B,1320,0.10071090047393365,0.09848484848484848
arc,fixed_plugin_0.1,E,450,0.10071090047393365,0.6555555555555556
arc,fixed_plugin_0.25,A,1230,0.25,0.08943089430894309
arc,fixed_plugin_0.25,B,1320,0.25,0.06060606060606061
arc,fixed_plugin_0.25,E,450,0.25,0.3711111111111111
arc,fixed_plugin_0.5,A,1230,0.5,0.05609756097560976
arc,fixed_plugin_0.5,B,1320,0.5,0.04242424242424243
arc,fixed_plugin_0.5,E,450,0.5,0.26222222222222225
arc,hoeffding_grid,A,1230,0.7110334065425962,0.0
arc,hoeffding_grid,B,1320,0.6519819043515727,0.0
arc,hoeffding_grid,E,450,0.9891758820431806,0.0
arc,normal_peeking,A,1230,0.21518995877162564,0.05121951219512195
arc,normal_peeking,B,1320,0.1703387548470487,0.03787878787878788
arc,normal_peeking,E,450,0.5674144286466561,0.13777777777777778
arc,separate_arm,A,1230,0.7468953492852464,0.0
arc,separate_arm,B,1320,0.7007091052707166,0.0
arc,separate_arm,E,450,0.9890784623486046,0.0
arc,serfling_spending,A,1230,0.776132817015374,0.0
arc,serfling_spending,B,1320,0.7423793623438173,0.0
arc,serfling_spending,E,450,0.9891758820431806,0.0
composite,completion,A,1410,0.9103093929036531,0.0
composite,completion,B,1080,0.9027599826691115,0.0
composite,completion,E,510,0.9898950179612267,0.0
composite,eb_grid,A,1410,0.1817343662727215,0.0
composite,eb_grid,B,1080,0.20693448305209325,0.0
composite,eb_grid,E,510,0.7909100218320041,0.0
composite,eb_predictable,A,1410,0.19725186564676495,0.0014184397163120568
composite,eb_predictable,B,1080,0.22515754473922428,0.0
composite,eb_predictable,E,510,0.8953272138184707,0.00196078431372549
composite,fixed_plugin_0.1,A,1410,0.10006266973052017,0.05177304964539007
composite,fixed_plugin_0.1,B,1080,0.10006266973052017,0.053703703703703705
composite,fixed_plugin_0.1,E,510,0.10006266973052017,0.30980392156862746
composite,fixed_plugin_0.25,A,1410,0.2500522247754335,0.03546099290780142
composite,fixed_plugin_0.25,B,1080,0.2500522247754335,0.03425925925925926
composite,fixed_plugin_0.25,E,510,0.2500522247754335,0.17450980392156862
composite,fixed_plugin_0.5,A,1410,0.5,0.02553191489361702
composite,fixed_plugin_0.5,B,1080,0.5,0.014814814814814815
composite,fixed_plugin_0.5,E,510,0.5,0.09607843137254903
composite,hoeffding_grid,A,1410,0.2819508953771073,0.0
composite,hoeffding_grid,B,1080,0.2890138414997408,0.0
composite,hoeffding_grid,E,510,0.9477127596390551,0.0
composite,normal_peeking,A,1410,0.056939302217738054,0.04964539007092199
composite,normal_peeking,B,1080,0.05664086375910065,0.037037037037037035
composite,normal_peeking,E,510,0.2816002900011059,0.23529411764705882
composite,separate_arm,A,1410,0.29052553680402154,0.0
composite,separate_arm,B,1080,0.30123095729947624,0.0
composite,separate_arm,E,510,0.9518190606094119,0.0
composite,serfling_spending,A,1410,0.33939933359704993,0.0
composite,serfling_spending,B,1080,0.3322979288040913,0.0
composite,serfling_spending,E,510,0.9897143816791392,0.0
gsm8k,completion,A,1320,0.837553946818878,0.0
gsm8k,completion,B,1260,0.8401893580300931,0.0
gsm8k,completion,E,420,0.9887989499015533,0.0
gsm8k,eb_grid,A,1320,0.27245289804631306,0.0
gsm8k,eb_grid,B,1260,0.25596878874061113,0.0
gsm8k,eb_grid,E,420,0.979563188215562,0.0
gsm8k,eb_predictable,A,1320,0.2490359181400529,0.0007575757575757576
gsm8k,eb_predictable,B,1260,0.2336225965628722,0.0
gsm8k,eb_predictable,E,420,0.9853186757091811,0.0
gsm8k,fixed_plugin_0.1,A,1320,0.1003062787136294,0.059848484848484845
gsm8k,fixed_plugin_0.1,B,1260,0.1003062787136294,0.048412698412698414
gsm8k,fixed_plugin_0.1,E,420,0.1003062787136294,0.6404761904761904
gsm8k,fixed_plugin_0.25,A,1320,0.2503828483920367,0.031818181818181815
gsm8k,fixed_plugin_0.25,B,1260,0.2503828483920367,0.022222222222222223
gsm8k,fixed_plugin_0.25,E,420,0.2503828483920367,0.43333333333333335
gsm8k,fixed_plugin_0.5,A,1320,0.5,0.01818181818181818
gsm8k,fixed_plugin_0.5,B,1260,0.5,0.011904761904761904
gsm8k,fixed_plugin_0.5,E,420,0.5,0.21666666666666667
gsm8k,hoeffding_grid,A,1320,0.35683210357789225,0.0
gsm8k,hoeffding_grid,B,1260,0.34126619509467904,0.0
gsm8k,hoeffding_grid,E,420,0.9887971268139721,0.0
gsm8k,normal_peeking,A,1320,0.09845990533203397,0.024242424242424242
gsm8k,normal_peeking,B,1260,0.08150173801016067,0.014285714285714285
gsm8k,normal_peeking,E,420,0.5991467950120324,0.15476190476190477
gsm8k,separate_arm,A,1320,0.38362511021393103,0.0
gsm8k,separate_arm,B,1260,0.3733282286881062,0.0
gsm8k,separate_arm,E,420,0.9883121855173923,0.0
gsm8k,serfling_spending,A,1320,0.4157913360248735,0.0
gsm8k,serfling_spending,B,1260,0.3977661100172586,0.0
gsm8k,serfling_spending,E,420,0.9887989499015533,0.0
hellaswag,completion,A,1260,0.948127673412212,0.0
hellaswag,completion,B,1290,0.951836181773512,0.0
hellaswag,completion,E,450,0.9882768147240218,0.0
hellaswag,eb_grid,A,1260,0.2848497608347022,0.0
hellaswag,eb_grid,B,1290,0.3293953325487737,0.0
hellaswag,eb_grid,E,450,0.6315546995077724,0.0
hellaswag,eb_predictable,A,1260,0.27061254665877327,0.0
hellaswag,eb_predictable,B,1290,0.31841584104658627,0.0
hellaswag,eb_predictable,E,450,0.6393190528998619,0.0
hellaswag,fixed_plugin_0.1,A,1260,0.1001575906146034,0.07063492063492063
hellaswag,fixed_plugin_0.1,B,1290,0.1001575906146034,0.09069767441860466
hellaswag,fixed_plugin_0.1,E,450,0.1001575906146034,0.19333333333333333
hellaswag,fixed_plugin_0.25,A,1260,0.2500437751707232,0.046825396825396826
hellaswag,fixed_plugin_0.25,B,1290,0.2500437751707232,0.04961240310077519
hellaswag,fixed_plugin_0.25,E,450,0.2500437751707232,0.09111111111111111
hellaswag,fixed_plugin_0.5,A,1260,0.5000875503414464,0.030952380952380953
hellaswag,fixed_plugin_0.5,B,1290,0.5000875503414464,0.03255813953488372
hellaswag,fixed_plugin_0.5,E,450,0.5000875503414464,0.05555555555555555
hellaswag,hoeffding_grid,A,1260,0.5148741081677519,0.0
hellaswag,hoeffding_grid,B,1290,0.5635999614507023,0.0
hellaswag,hoeffding_grid,E,450,0.9617008112998306,0.0
hellaswag,normal_peeking,A,1260,0.085014021951511,0.0865079365079365
hellaswag,normal_peeking,B,1290,0.08339706183768845,0.14108527131782947
hellaswag,normal_peeking,E,450,0.1865604389190451,0.08444444444444445
hellaswag,separate_arm,A,1260,0.47713365740856545,0.0
hellaswag,separate_arm,B,1290,0.5334240056249397,0.0
hellaswag,separate_arm,E,450,0.9377236911223954,0.0
hellaswag,serfling_spending,A,1260,0.5994273095919043,0.0
hellaswag,serfling_spending,B,1290,0.627445199594418,0.0
hellaswag,serfling_spending,E,450,0.9827475242709002,0.0
mmlu-pro,completion,A,1170,0.8807994919530824,0.0
mmlu-pro,completion,B,1560,0.868245309516503,0.0
mmlu-pro,completion,E,270,0.9886961928684004,0.0
mmlu-pro,eb_grid,A,1170,0.11224917314511729,0.0
mmlu-pro,eb_grid,B,1560,0.09262948376977631,0.0
mmlu-pro,eb_grid,E,270,0.6373639430654059,0.0
mmlu-pro,eb_predictable,A,1170,0.11325681373886161,0.0
mmlu-pro,eb_predictable,B,1560,0.09366411790780142,0.0
mmlu-pro,eb_predictable,E,270,0.7447630393026005,0.0
mmlu-pro,fixed_plugin_0.1,A,1170,0.10006648936170212,0.03076923076923077
mmlu-pro,fixed_plugin_0.1,B,1560,0.10006648936170212,0.023717948717948717
mmlu-pro,fixed_plugin_0.1,E,270,0.10006648936170212,0.17407407407407408
mmlu-pro,fixed_plugin_0.25,A,1170,0.25,0.023931623931623933
mmlu-pro,fixed_plugin_0.25,B,1560,0.25,0.01217948717948718
mmlu-pro,fixed_plugin_0.25,E,270,0.25,0.08518518518518518
mmlu-pro,fixed_plugin_0.5,A,1170,0.5,0.017094017094017096
mmlu-pro,fixed_plugin_0.5,B,1560,0.5,0.009615384615384616
mmlu-pro,fixed_plugin_0.5,E,270,0.5,0.037037037037037035
mmlu-pro,hoeffding_grid,A,1170,0.16465792075831967,0.0
mmlu-pro,hoeffding_grid,B,1560,0.15305424849972724,0.0
mmlu-pro,hoeffding_grid,E,270,0.9209629260244288,0.0
mmlu-pro,normal_peeking,A,1170,0.03165135138206947,0.03076923076923077
mmlu-pro,normal_peeking,B,1560,0.02637640437465903,0.02435897435897436
mmlu-pro,normal_peeking,E,270,0.18446519158786445,0.17407407407407408
mmlu-pro,separate_arm,A,1170,0.16673535813329696,0.0
mmlu-pro,separate_arm,B,1560,0.15315627344176214,0.0
mmlu-pro,separate_arm,E,270,0.9174617686170213,0.0
mmlu-pro,serfling_spending,A,1170,0.19944499852245864,0.0
mmlu-pro,serfling_spending,B,1560,0.18919063054078014,0.0
mmlu-pro,serfling_spending,E,270,0.9478603354018913,0.0
truthfulqa,completion,A,1260,0.8882936507936507,0.0
truthfulqa,completion,B,1470,0.8679458740017747,0.0
truthfulqa,completion,E,270,0.9913158500115021,0.0
truthfulqa,eb_grid,A,1260,0.47639628315094157,0.0
truthfulqa,eb_grid,B,1470,0.4121741243081083,0.0
truthfulqa,eb_grid,E,270,0.9831895560156431,0.0
truthfulqa,eb_predictable,A,1260,0.4229899930986888,0.0
truthfulqa,eb_predictable,B,1470,0.3613248404952043,0.0
truthfulqa,eb_predictable,E,270,0.9803830227743272,0.0
truthfulqa,fixed_plugin_0.1,A,1260,0.10093167701863354,0.12698412698412698
truthfulqa,fixed_plugin_0.1,B,1470,0.10093167701863355,0.10068027210884353
truthfulqa,fixed_plugin_0.1,E,270,0.10093167701863354,0.6370370370370371
truthfulqa,fixed_plugin_0.25,A,1260,0.25,0.0746031746031746
truthfulqa,fixed_plugin_0.25,B,1470,0.25,0.06666666666666667
truthfulqa,fixed_plugin_0.25,E,270,0.25,0.3814814814814815
truthfulqa,fixed_plugin_0.5,A,1260,0.5,0.044444444444444446
truthfulqa,fixed_plugin_0.5,B,1470,0.5,0.03197278911564626
truthfulqa,fixed_plugin_0.5,E,270,0.5,0.24444444444444444
truthfulqa,hoeffding_grid,A,1260,0.6116829340431825,0.0
truthfulqa,hoeffding_grid,B,1470,0.5389054379515782,0.0
truthfulqa,hoeffding_grid,E,270,0.9913158500115021,0.0
truthfulqa,normal_peeking,A,1260,0.1752711229419304,0.05317460317460317
truthfulqa,normal_peeking,B,1470,0.16279312967422993,0.0326530612244898
truthfulqa,normal_peeking,E,270,0.609949390384173,0.15925925925925927
truthfulqa,separate_arm,A,1260,0.6238440303657695,0.0
truthfulqa,separate_arm,B,1470,0.5499186631174209,0.0
truthfulqa,separate_arm,E,270,0.9911145617667357,0.0
truthfulqa,serfling_spending,A,1260,0.6746573991915606,0.0
truthfulqa,serfling_spending,B,1470,0.6082731229137618,0.0
truthfulqa,serfling_spending,E,270,0.9913158500115021,0.0
winogrande,completion,A,1170,0.9519036519036519,0.0
winogrande,completion,B,1140,0.9464492571140771,0.0
winogrande,completion,E,690,0.98989390472228,0.0
winogrande,eb_grid,A,1170,0.6245123297754877,0.0
winogrande,eb_grid,B,1140,0.5803382859061529,0.0
winogrande,eb_grid,E,690,0.9601456209694196,0.0
winogrande,eb_predictable,A,1170,0.5806346869504764,0.0
winogrande,eb_predictable,B,1140,0.5385645933014355,0.0
winogrande,eb_predictable,E,690,0.9606476665973234,0.0
winogrande,fixed_plugin_0.1,A,1170,0.10047846889952153,0.19316239316239317
winogrande,fixed_plugin_0.1,B,1140,0.10047846889952153,0.1692982456140351
winogrande,fixed_plugin_0.1,E,690,0.10047846889952153,0.4971014492753623
winogrande,fixed_plugin_0.25,A,1170,0.2507177033492823,0.10598290598290598
winogrande,fixed_plugin_0.25,B,1140,0.2507177033492823,0.09035087719298246
winogrande,fixed_plugin_0.25,E,690,0.2507177033492823,0.36376811594202896
winogrande,fixed_plugin_0.5,A,1170,0.5004784688995215,0.05555555555555555
winogrande,fixed_plugin_0.5,B,1140,0.5004784688995215,0.03859649122807018
winogrande,fixed_plugin_0.5,E,690,0.5004784688995215,0.21884057971014492
winogrande,hoeffding_grid,A,1170,0.8168404694720485,0.0
winogrande,hoeffding_grid,B,1140,0.7831696466045496,0.0
winogrande,hoeffding_grid,E,690,0.98989390472228,0.0
winogrande,normal_peeking,A,1170,0.23836093730830574,0.062393162393162394
winogrande,normal_peeking,B,1140,0.21489465290019308,0.04912280701754386
winogrande,normal_peeking,E,690,0.5472144788849594,0.13623188405797101
winogrande,separate_arm,A,1170,0.8128704044493519,0.0
winogrande,separate_arm,B,1140,0.7784638630067994,0.0
winogrande,separate_arm,E,690,0.9874599542334095,0.0
winogrande,serfling_spending,A,1170,0.8864703717335297,0.0
winogrande,serfling_spending,B,1140,0.8640376059766642,0.0
winogrande,serfling_spending,E,690,0.98989390472228,0.0
