dataset,method,pairs,fraction,bootstrap_lower,bootstrap_upper
arc,completion,100,0.9310813586097946,0.9190238645339651,0.9418285347551343
arc,eb_grid,100,0.5747808056872039,0.5135691943127962,0.6345492298578198
arc,eb_predictable,100,0.5279691943127962,0.46195981437598727,0.5964779423380726
arc,fixed_plugin_0.1,100,0.10071090047393362,0.10071090047393362,0.10071090047393362
arc,fixed_plugin_0.25,100,0.25,0.25,0.25
arc,fixed_plugin_0.5,100,0.5,0.5,0.5
arc,hoeffding_grid,100,0.7267721169036335,0.6738474723538708,0.7782930489731438
arc,normal_peeking,100,0.24828909952606634,0.20482795221169037,0.2930764514218009
arc,separate_arm,100,0.762900868878357,0.7144038902053712,0.8089860485781991
arc,serfling_spending,100,0.7932377567140602,0.7471756714060033,0.8368573360979462
composite,completion,100,0.9211211614790058,0.9080838477473715,0.934372141563958
composite,eb_grid,100,0.2943662697583733,0.22880062408606644,0.3630908998328807
composite,eb_predictable,100,0.3259707193092403,0.25363135227351863,0.40057649362857733
composite,fixed_plugin_0.1,100,0.10006266973052014,0.10006266973052014,0.10006266973052014
composite,fixed_plugin_0.25,100,0.25005222477543354,0.25005222477543354,0.25005222477543354
composite,fixed_plugin_0.5,100,0.5,0.5,0.5
composite,hoeffding_grid,100,0.39767307290578663,0.320412717603231,0.4763207915535129
composite,normal_peeking,100,0.09502423229580113,0.07056133190585616,0.12099511089060651
composite,separate_arm,100,0.4067993872293016,0.32875729667154097,0.4815895872501914
composite,serfling_spending,100,0.44739638604554005,0.3711024040804959,0.53072999529977
gsm8k,completion,100,0.8598351199591627,0.8379616577335376,0.8807487621235325
gsm8k,eb_grid,100,0.364525012761613,0.2956516526288923,0.4367733473711076
gsm8k,eb_predictable,100,0.34564190913731496,0.2729201123021951,0.4205879849412965
gsm8k,fixed_plugin_0.1,100,0.10030627871362946,0.10030627871362946,0.10030627871362946
gsm8k,fixed_plugin_0.25,100,0.25038284839203667,0.25038284839203667,0.25038284839203667
gsm8k,fixed_plugin_0.5,100,0.5,0.5,0.5
gsm8k,hoeffding_grid,100,0.438769525267994,0.36388501786625826,0.5112990364982134
gsm8k,normal_peeking,100,0.16143363961204696,0.11951281265952014,0.2051312659520163
gsm8k,separate_arm,100,0.4639566105155692,0.39507197549770284,0.5373044091373149
gsm8k,serfling_spending,100,0.4884418070444104,0.41715520673813156,0.5642476008167432
hellaswag,completion,100,0.9557447032043425,0.948631646530088,0.9628922415805755
hellaswag,eb_grid,100,0.3560100974727135,0.29290813488589273,0.42166600857993347
hellaswag,eb_predictable,100,0.34647393918169606,0.28006765598552497,0.4145790229381895
hellaswag,fixed_plugin_0.1,100,0.10015759061460344,0.10015759061460344,0.10015759061460344
hellaswag,fixed_plugin_0.25,100,0.2500437751707231,0.2500437751707231,0.2500437751707231
hellaswag,fixed_plugin_0.5,100,0.5000875503414463,0.5000875503414463,0.5000875503414463
hellaswag,hoeffding_grid,100,0.6028502305492325,0.534915214790171,0.6679717912799858
hellaswag,normal_peeking,100,0.0995506916476974,0.07710518152104126,0.12322849909531311
hellaswag,separate_arm,100,0.5704270121986809,0.502718489172941,0.6393551100215957
hellaswag,serfling_spending,100,0.6689730344948345,0.6055289412245374,0.7303545132201016
mmlu-pro,completion,100,0.88398202016844,0.8687866626496011,0.8994607137910019
mmlu-pro,eb_grid,100,0.14930726396276595,0.09895021193484044,0.20481870013297865
mmlu-pro,eb_predictable,100,0.15990417220744682,0.10545919838763297,0.22082422498337761
mmlu-pro,fixed_plugin_0.1,100,0.10006648936170208,0.10006648936170208,0.10006648936170208
mmlu-pro,fixed_plugin_0.25,100,0.25,0.25,0.25
mmlu-pro,fixed_plugin_0.5,100,0.5,0.5,0.5
mmlu-pro,hoeffding_grid,100,0.22669146165780144,0.16404139863142733,0.2931846735095301
mmlu-pro,normal_peeking,100,0.04266162455673759,0.02620027011303192,0.060977780779033666
mmlu-pro,separate_arm,100,0.22723961103723403,0.16631106701573578,0.293021778728945
mmlu-pro,serfling_spending,100,0.26147010749113475,0.19654503823138295,0.33038577266179076
truthfulqa,completion,100,0.887595238095238,0.8690933747412011,0.9057008152173913
truthfulqa,eb_grid,100,0.49053881987577647,0.4256334368530021,0.5577454063146997
truthfulqa,eb_predictable,100,0.44293944099378885,0.3724971532091098,0.5112152820910971
truthfulqa,fixed_plugin_0.1,100,0.10093167701863352,0.10093167701863352,0.10093167701863352
truthfulqa,fixed_plugin_0.25,100,0.25,0.25,0.25
truthfulqa,fixed_plugin_0.5,100,0.5,0.5,0.5
truthfulqa,hoeffding_grid,100,0.6101889233954452,0.5423344849896481,0.6776009963768115
truthfulqa,normal_peeking,100,0.20827795031055898,0.16671198240165627,0.25143416149068326
truthfulqa,separate_arm,100,0.6206749482401657,0.5568535584886128,0.6831115942028982
truthfulqa,serfling_spending,100,0.670628364389234,0.6076145833333333,0.7330552665631469
winogrande,completion,100,0.9585687400318981,0.9518409330143541,0.9649118181818183
winogrande,eb_grid,100,0.6849218500797448,0.6311417464114835,0.7376123444976076
winogrande,eb_predictable,100,0.6520510366826155,0.5938473285486444,0.7117251275917065
winogrande,fixed_plugin_0.1,100,0.10047846889952149,0.10047846889952149,0.10047846889952149
winogrande,fixed_plugin_0.25,100,0.25071770334928223,0.25071770334928223,0.25071770334928223
winogrande,fixed_plugin_0.5,100,0.5004784688995215,0.5004784688995215,0.5004784688995215
winogrande,hoeffding_grid,100,0.8438478468899521,0.8052437639553429,0.8804023763955344
winogrande,normal_peeking,100,0.3004800637958533,0.25953523923444977,0.3439564274322168
winogrande,separate_arm,100,0.839951515151515,0.8021655263157894,0.8764975917065392
winogrande,serfling_spending,100,0.9017333333333333,0.872780398724083,0.9286036842105264
