dataset,method,epsilon,runs,cost_fraction,median_fraction,errors,error_rate,census_fraction
arc,completion,0.01,3000,0.924830568720379,0.9312796208530806,0,0.0,0.011
arc,completion,0.02,3000,0.9310813586097946,0.9395734597156398,0,0.0,0.0
arc,completion,0.05,3000,0.943925355450237,0.9561611374407583,0,0.0,0.009666666666666667
arc,eb_grid,0.01,3000,0.5359530015797789,0.45793838862559244,0,0.0,0.011
arc,eb_grid,0.02,3000,0.5747808056872038,0.5290284360189573,0,0.0,0.0
arc,eb_grid,0.05,3000,0.6377665876777251,0.67239336492891,0,0.0,0.009666666666666667
arc,eb_predictable,0.01,3000,0.48400987361769354,0.3566350710900474,1,0.0003333333333333333,0.011
arc,eb_predictable,0.02,3000,0.5279691943127962,0.4324644549763033,0,0.0,0.0
arc,eb_predictable,0.05,3000,0.5956461295418641,0.6190758293838863,0,0.0,0.009666666666666667
arc,fixed_plugin_0.1,0.02,3000,0.10071090047393365,0.10071090047393365,594,0.198,0.0
arc,fixed_plugin_0.25,0.02,3000,0.25,0.25,357,0.119,0.0
arc,fixed_plugin_0.5,0.02,3000,0.5,0.5,243,0.081,0.0
arc,hoeffding_grid,0.01,3000,0.6961812796208531,0.7511848341232228,0,0.0,0.011
arc,hoeffding_grid,0.02,3000,0.7267721169036335,0.8092417061611374,0,0.0,0.0
arc,hoeffding_grid,0.05,3000,0.8023937598736177,0.9218009478672986,0,0.0,0.009666666666666667
arc,normal_peeking,0.01,3000,0.2256516587677725,0.07582938388625593,185,0.06166666666666667,0.0036666666666666666
arc,normal_peeking,0.02,3000,0.24828909952606637,0.09597156398104266,175,0.058333333333333334,0.0023333333333333335
arc,normal_peeking,0.05,3000,0.24382385466034756,0.13981042654028436,185,0.06166666666666667,0.005
arc,separate_arm,0.02,3000,0.762900868878357,0.8441943127962086,0,0.0,0.0
arc,serfling_spending,0.01,3000,0.7661627172195893,0.7784360189573459,0,0.0,0.011
arc,serfling_spending,0.02,3000,0.79323775671406,0.9360189573459715,0,0.0,0.0
arc,serfling_spending,0.05,3000,0.8460525276461296,0.9561611374407583,0,0.0,0.009666666666666667
composite,completion,0.01,3000,0.9147963581923265,0.9200960935867976,0,0.0,0.001
composite,completion,0.02,3000,0.9211211614790056,0.929339878838521,0,0.0,0.0
composite,completion,0.05,3000,0.9323692987953485,0.9532588259870483,0,0.0,0.0
composite,eb_grid,0.01,3000,0.27235683448227843,0.06026739085021934,1,0.0003333333333333333,0.001
composite,eb_grid,0.02,3000,0.2943662697583734,0.07692709421349489,0,0.0,0.0
composite,eb_grid,0.05,3000,0.25343614650790336,0.15338416544808858,0,0.0,0.0
composite,eb_predictable,0.01,3000,0.28964626418773065,0.04966576143722582,1,0.0003333333333333333,0.001
composite,eb_predictable,0.02,3000,0.3259707193092403,0.06360977647796115,3,0.001,0.0
composite,eb_predictable,0.05,3000,0.27969549474270594,0.13985794861082096,1,0.0003333333333333333,0.0
composite,fixed_plugin_0.1,0.02,3000,0.10006266973052015,0.10006266973052017,289,0.09633333333333334,0.0
composite,fixed_plugin_0.25,0.02,3000,0.2500522247754335,0.2500522247754335,176,0.058666666666666666,0.0
composite,fixed_plugin_0.5,0.02,3000,0.5,0.5,101,0.033666666666666664,0.0
composite,hoeffding_grid,0.01,3000,0.3600583176659007,0.13813453102151663,0,0.0,0.001
composite,hoeffding_grid,0.02,3000,0.3976730729057865,0.17578859410904535,0,0.0,0.0
composite,hoeffding_grid,0.05,3000,0.38705128472947564,0.3418633799874661,0,0.0,0.0
composite,normal_peeking,0.01,3000,0.09679931759626767,0.007833716315019846,220,0.07333333333333333,0.0023333333333333335
composite,normal_peeking,0.02,3000,0.09502423229580112,0.009400459578023814,230,0.07666666666666666,0.0016666666666666668
composite,normal_peeking,0.05,3000,0.07262864703015111,0.01556298307917276,207,0.069,0.0033333333333333335
composite,separate_arm,0.02,3000,0.4067993872293016,0.19599958220179653,0,0.0,0.0
composite,serfling_spending,0.01,3000,0.4089266764152914,0.23156465427198664,0,0.0,0.001
composite,serfling_spending,0.02,3000,0.44739638604554005,0.23156465427198664,0,0.0,0.0
composite,serfling_spending,0.05,3000,0.46357106051110647,0.5209943597242532,0,0.0,0.0
gsm8k,completion,0.01,3000,0.8537812659520164,0.869448698315467,0,0.0,0.0003333333333333333
gsm8k,completion,0.02,3000,0.8598351199591628,0.8778713629402757,0,0.0,0.0016666666666666668
gsm8k,completion,0.05,3000,0.8746814701378254,0.9035222052067382,0,0.0,0.02666666666666667
gsm8k,eb_grid,0.01,3000,0.34012506380806534,0.16003062787136293,0,0.0,0.0003333333333333333
gsm8k,eb_grid,0.02,3000,0.36452501276161303,0.1807044410413476,0,0.0,0.0016666666666666668
gsm8k,eb_grid,0.05,3000,0.384861664114344,0.24196018376722817,0,0.0,0.02666666666666667
gsm8k,eb_predictable,0.01,3000,0.3184749872383869,0.10566615620214395,0,0.0,0.0003333333333333333
gsm8k,eb_predictable,0.02,3000,0.3456419091373149,0.11753445635528331,1,0.0003333333333333333,0.0016666666666666668
gsm8k,eb_predictable,0.05,3000,0.3670768249106687,0.16807044410413477,0,0.0,0.02666666666666667
gsm8k,fixed_plugin_0.1,0.02,3000,0.1003062787136294,0.1003062787136294,409,0.13633333333333333,0.0
gsm8k,fixed_plugin_0.25,0.02,3000,0.2503828483920367,0.2503828483920367,252,0.084,0.0
gsm8k,fixed_plugin_0.5,0.02,3000,0.5,0.5,130,0.043333333333333335,0.0
gsm8k,hoeffding_grid,0.01,3000,0.41847524247064827,0.2656967840735069,0,0.0,0.0003333333333333333
gsm8k,hoeffding_grid,0.02,3000,0.43876952526799384,0.3005359877488515,0,0.0,0.0016666666666666668
gsm8k,hoeffding_grid,0.05,3000,0.4810847371107708,0.4429555895865237,0,0.0,0.02666666666666667
gsm8k,normal_peeking,0.01,3000,0.15129887697805003,0.0222052067381317,159,0.053,0.0026666666666666666
gsm8k,normal_peeking,0.02,3000,0.16143363961204696,0.02450229709035222,115,0.03833333333333333,0.0016666666666666668
gsm8k,normal_peeking,0.05,3000,0.15007350689127105,0.03215926493108729,120,0.04,0.009
gsm8k,separate_arm,0.02,3000,0.46395661051556913,0.3683001531393568,0,0.0,0.0016666666666666668
gsm8k,serfling_spending,0.01,3000,0.4691378254211332,0.33537519142419603,0,0.0,0.0003333333333333333
gsm8k,serfling_spending,0.02,3000,0.4884418070444104,0.33537519142419603,0,0.0,0.0016666666666666668
gsm8k,serfling_spending,0.05,3000,0.5401768759571209,0.503062787136294,0,0.0,0.02666666666666667
hellaswag,completion,0.01,3000,0.9489168855425204,0.9521975135703029,0,0.0,0.0
hellaswag,completion,0.02,3000,0.9557447032043426,0.9616529504465068,0,0.0,0.0013333333333333333
hellaswag,completion,0.05,3000,0.9641427070565575,0.9698826825424619,0,0.0,0.0
hellaswag,eb_grid,0.01,3000,0.300402906671336,0.13797933811941865,0,0.0,0.0
hellaswag,eb_grid,0.02,3000,0.35601009747271345,0.1759761863071266,0,0.0,0.0013333333333333333
hellaswag,eb_grid,0.05,3000,0.3372649273332166,0.23594817019786377,0,0.0,0.0
hellaswag,eb_predictable,0.01,3000,0.28601050604097356,0.09551742251794781,1,0.0003333333333333333,0.0
hellaswag,eb_predictable,0.02,3000,0.34647393918169617,0.13981789528979163,0,0.0,0.0013333333333333333
hellaswag,eb_predictable,0.05,3000,0.3267713768750365,0.19663806688846086,0,0.0,0.0
hellaswag,fixed_plugin_0.1,0.02,3000,0.1001575906146034,0.1001575906146034,293,0.09766666666666667,0.0
hellaswag,fixed_plugin_0.25,0.02,3000,0.2500437751707232,0.2500437751707232,164,0.05466666666666667,0.0
hellaswag,fixed_plugin_0.5,0.02,3000,0.5000875503414464,0.5000875503414464,106,0.035333333333333335,0.0
hellaswag,hoeffding_grid,0.01,3000,0.5445206326971341,0.4704955349325862,0,0.0,0.0
hellaswag,hoeffding_grid,0.02,3000,0.6028502305492325,0.5736298371563648,0,0.0,0.0013333333333333333
hellaswag,hoeffding_grid,0.05,3000,0.6647807739450183,0.7164244440553318,0,0.0,0.0
hellaswag,normal_peeking,0.01,3000,0.08513301815210413,0.014183155314305727,300,0.1,0.002
hellaswag,normal_peeking,0.02,3000,0.09955069164769742,0.018560672386622307,329,0.10966666666666666,0.0016666666666666668
hellaswag,normal_peeking,0.05,3000,0.08258676238837331,0.02503939765365085,221,0.07366666666666667,0.0003333333333333333
hellaswag,separate_arm,0.02,3000,0.5704270121986809,0.5186482227280687,0,0.0,0.0013333333333333333
hellaswag,serfling_spending,0.01,3000,0.6156566859277417,0.582384871300998,0,0.0,0.0
hellaswag,serfling_spending,0.02,3000,0.6689730344948345,0.8734022062686044,0,0.0,0.0013333333333333333
hellaswag,serfling_spending,0.05,3000,0.7520086966672503,0.8734022062686044,0,0.0,0.0
mmlu-pro,completion,0.01,3000,0.8768854443705674,0.8740026595744681,0,0.0,0.0
mmlu-pro,completion,0.02,3000,0.8839820201684397,0.8825216090425532,0,0.0,0.0
mmlu-pro,completion,0.05,3000,0.9012356770833333,0.9082446808510638,0,0.0,0.0
mmlu-pro,eb_grid,0.01,3000,0.14259840425531914,0.022481715425531915,1,0.0003333333333333333,0.0
mmlu-pro,eb_grid,0.02,3000,0.14930726396276597,0.024933510638297872,0,0.0,0.0
mmlu-pro,eb_grid,0.05,3000,0.13302185837765956,0.035738031914893616,0,0.0,0.0
mmlu-pro,eb_predictable,0.01,3000,0.14873431959219857,0.014461436170212765,3,0.001,0.0
mmlu-pro,eb_predictable,0.02,3000,0.15990417220744682,0.016373005319148936,0,0.0,0.0
mmlu-pro,eb_predictable,0.05,3000,0.14046564716312057,0.02709441489361702,2,0.0006666666666666666,0.0
mmlu-pro,fixed_plugin_0.1,0.02,3000,0.10006648936170214,0.10006648936170212,120,0.04,0.0
mmlu-pro,fixed_plugin_0.25,0.02,3000,0.25,0.25,70,0.023333333333333334,0.0
mmlu-pro,fixed_plugin_0.5,0.02,3000,0.5,0.5,45,0.015,0.0
mmlu-pro,hoeffding_grid,0.01,3000,0.20808419215425533,0.05003324468085106,0,0.0,0.0
mmlu-pro,hoeffding_grid,0.02,3000,0.2266914616578014,0.05539394946808511,0,0.0,0.0
mmlu-pro,hoeffding_grid,0.05,3000,0.24006804078014185,0.0836934840425532,0,0.0,0.0
mmlu-pro,normal_peeking,0.01,3000,0.04670766843971631,0.0031582446808510636,115,0.03833333333333333,0.001
mmlu-pro,normal_peeking,0.02,3000,0.04266162455673759,0.003324468085106383,121,0.04033333333333333,0.0003333333333333333
mmlu-pro,normal_peeking,0.05,3000,0.0365985427748227,0.004986702127659575,100,0.03333333333333333,0.0003333333333333333
mmlu-pro,separate_arm,0.02,3000,0.22723961103723403,0.05743018617021277,0,0.0,0.0
mmlu-pro,serfling_spending,0.01,3000,0.23804507424645388,0.08194813829787234,0,0.0,0.0
mmlu-pro,serfling_spending,0.02,3000,0.26147010749113475,0.08194813829787234,0,0.0,0.0
mmlu-pro,serfling_spending,0.05,3000,0.3023271830673759,0.12283909574468085,0,0.0,0.0
truthfulqa,completion,0.01,3000,0.8805175983436854,0.9021739130434783,0,0.0,0.001
truthfulqa,completion,0.02,3000,0.8875952380952381,0.9114906832298136,0,0.0,0.011666666666666667
truthfulqa,completion,0.05,3000,0.9037691511387164,0.9394409937888198,0,0.0,0.037333333333333336
truthfulqa,eb_grid,0.01,3000,0.4592857142857143,0.34627329192546585,0,0.0,0.001
truthfulqa,eb_grid,0.02,3000,0.4905388198757764,0.38664596273291924,0,0.0,0.011666666666666667
truthfulqa,eb_grid,0.05,3000,0.5502903726708075,0.5559006211180124,0,0.0,0.037333333333333336
truthfulqa,eb_predictable,0.01,3000,0.40811076604554863,0.2546583850931677,1,0.0003333333333333333,0.001
truthfulqa,eb_predictable,0.02,3000,0.44293944099378885,0.2857142857142857,0,0.0,0.011666666666666667
truthfulqa,eb_predictable,0.05,3000,0.50251966873706,0.44565217391304346,0,0.0,0.037
truthfulqa,fixed_plugin_0.1,0.02,3000,0.10093167701863354,0.10093167701863354,480,0.16,0.0
truthfulqa,fixed_plugin_0.25,0.02,3000,0.25,0.25,295,0.09833333333333333,0.0
truthfulqa,fixed_plugin_0.5,0.02,3000,0.5,0.5,169,0.05633333333333333,0.0
truthfulqa,hoeffding_grid,0.01,3000,0.5878700828157349,0.609472049689441,0,0.0,0.001
truthfulqa,hoeffding_grid,0.02,3000,0.6101889233954452,0.6677018633540373,0,0.0,0.011666666666666667
truthfulqa,hoeffding_grid,0.05,3000,0.6668069358178054,0.8385093167701864,0,0.0,0.037333333333333336
truthfulqa,normal_peeking,0.01,3000,0.1838524844720497,0.049689440993788817,141,0.047,0.0013333333333333333
truthfulqa,normal_peeking,0.02,3000,0.208277950310559,0.05745341614906832,158,0.05266666666666667,0.0026666666666666666
truthfulqa,normal_peeking,0.05,3000,0.2196733954451346,0.08540372670807453,166,0.05533333333333333,0.005333333333333333
truthfulqa,separate_arm,0.02,3000,0.6206749482401657,0.6692546583850931,0,0.0,0.011666666666666667
truthfulqa,serfling_spending,0.01,3000,0.6511930641821947,0.6801242236024845,0,0.0,0.001
truthfulqa,serfling_spending,0.02,3000,0.6706283643892339,0.6801242236024845,0,0.0,0.011666666666666667
truthfulqa,serfling_spending,0.05,3000,0.7182582815734989,0.9394409937888198,0,0.0,0.037333333333333336
winogrande,completion,0.01,3000,0.952964274322169,0.9588516746411483,0,0.0,0.022333333333333334
winogrande,completion,0.02,3000,0.958568740031898,0.9674641148325359,0,0.0,0.027666666666666666
winogrande,completion,0.05,3000,0.9671690590111643,0.969377990430622,0,0.0,0.008666666666666666
winogrande,eb_grid,0.01,3000,0.6348848484848485,0.623444976076555,0,0.0,0.022333333333333334
winogrande,eb_grid,0.02,3000,0.6849218500797448,0.723444976076555,0,0.0,0.027666666666666666
winogrande,eb_grid,0.05,3000,0.7470593301435408,0.7947368421052632,0,0.0,0.008666666666666666
winogrande,eb_predictable,0.01,3000,0.596046889952153,0.5765550239234449,1,0.0003333333333333333,0.022333333333333334
winogrande,eb_predictable,0.02,3000,0.6520510366826157,0.7086124401913876,0,0.0,0.027666666666666666
winogrande,eb_predictable,0.05,3000,0.7235438596491228,0.8052631578947369,1,0.0003333333333333333,0.008666666666666666
winogrande,fixed_plugin_0.1,0.02,3000,0.10047846889952153,0.10047846889952153,762,0.254,0.0
winogrande,fixed_plugin_0.25,0.02,3000,0.2507177033492823,0.2507177033492823,478,0.15933333333333333,0.0
winogrande,fixed_plugin_0.5,0.02,3000,0.5004784688995215,0.5004784688995215,260,0.08666666666666667,0.0
winogrande,hoeffding_grid,0.01,3000,0.8102290271132377,0.8961722488038277,0,0.0,0.022333333333333334
winogrande,hoeffding_grid,0.02,3000,0.8438478468899522,0.9526315789473684,0,0.0,0.027666666666666666
winogrande,hoeffding_grid,0.05,3000,0.9014848484848484,0.9636363636363636,0,0.0,0.008666666666666666
winogrande,normal_peeking,0.01,3000,0.26892854864433813,0.12440191387559808,257,0.08566666666666667,0.006666666666666667
winogrande,normal_peeking,0.02,3000,0.3004800637958533,0.16555023923444975,223,0.07433333333333333,0.008666666666666666
winogrande,normal_peeking,0.05,3000,0.3097084529505582,0.20191387559808613,245,0.08166666666666667,0.006333333333333333
winogrande,separate_arm,0.02,3000,0.8399515151515152,0.9330143540669856,0,0.0,0.027666666666666666
winogrande,serfling_spending,0.01,3000,0.8778940988835726,0.9435406698564593,0,0.0,0.022333333333333334
winogrande,serfling_spending,0.02,3000,0.9017333333333333,0.9435406698564593,0,0.0,0.027666666666666666
winogrande,serfling_spending,0.05,3000,0.9350676236044657,0.9435406698564593,0,0.0,0.008666666666666666
