case,method,epsilon,alpha,runs,cost_fraction,median_fraction,errors,error_rate,census_fraction,coverage_failures,coverage_failure_rate,error_cp_lower,error_cp_upper
N1000_q0.05_d-0.02,completion,0.02,0.05,1000,1.0,1.0,0,0.0,1.0,0,0.0,0.0,0.003682083896865671
N1000_q0.05_d-0.02,eb_grid,0.02,0.05,1000,1.0,1.0,0,0.0,1.0,0,0.0,0.0,0.003682083896865671
N1000_q0.05_d-0.02,eb_predictable,0.02,0.05,1000,1.0,1.0,0,0.0,1.0,0,0.0,0.0,0.003682083896865671
N1000_q0.05_d-0.02,hoeffding_grid,0.02,0.05,1000,1.0,1.0,0,0.0,1.0,0,0.0,0.0,0.003682083896865671
N1000_q0.05_d-0.02,normal_peeking,0.02,0.05,1000,0.46154500000000004,0.288,176,0.176,0.226,777,0.777,0.1528782896164314,0.20104651271780777
N1000_q0.05_d-0.02,serfling_spending,0.02,0.05,1000,1.0,1.0,0,0.0,1.0,0,0.0,0.0,0.003682083896865671
N1000_q0.05_d0,completion,0.02,0.05,1000,0.9816229999999999,0.982,0,0.0,0.0,0,0.0,0.0,0.003682083896865671
N1000_q0.05_d0,eb_grid,0.02,0.05,1000,0.822809,0.82,0,0.0,0.0,0,0.0,0.0,0.003682083896865671
N1000_q0.05_d0,eb_predictable,0.02,0.05,1000,0.764755,0.761,0,0.0,0.0,0,0.0,0.0,0.003682083896865671
N1000_q0.05_d0,hoeffding_grid,0.02,0.05,1000,0.9816229999999999,0.982,0,0.0,0.0,0,0.0,0.0,0.003682083896865671
N1000_q0.05_d0,normal_peeking,0.02,0.05,1000,0.24953999999999998,0.2575,5,0.005,0.001,629,0.629,0.00162541951756276,0.011629470559812147
N1000_q0.05_d0,serfling_spending,0.02,0.05,1000,0.9816229999999999,0.982,0,0.0,0.0,0,0.0,0.0,0.003682083896865671
N1000_q0.05_d0.018,completion,0.02,0.05,1000,0.998952,0.999,0,0.0,0.02,0,0.0,0.0,0.003682083896865671
N1000_q0.05_d0.018,eb_grid,0.02,0.05,1000,0.9987820000000001,0.999,0,0.0,0.02,0,0.0,0.0,0.003682083896865671
N1000_q0.05_d0.018,eb_predictable,0.02,0.05,1000,0.997538,0.999,0,0.0,0.02,2,0.002,0.0,0.003682083896865671
N1000_q0.05_d0.018,hoeffding_grid,0.02,0.05,1000,0.998952,0.999,0,0.0,0.02,0,0.0,0.0,0.003682083896865671
N1000_q0.05_d0.018,normal_peeking,0.02,0.05,1000,0.412567,0.2235,81,0.081,0.001,773,0.773,0.06484353970849498,0.09967169896848727
N1000_q0.05_d0.018,serfling_spending,0.02,0.05,1000,0.998952,0.999,0,0.0,0.02,0,0.0,0.0,0.003682083896865671
N1000_q0.05_d0.02,completion,0.02,0.05,1000,1.0,1.0,0,0.0,1.0,0,0.0,0.0,0.003682083896865671
N1000_q0.05_d0.02,eb_grid,0.02,0.05,1000,1.0,1.0,0,0.0,1.0,0,0.0,0.0,0.003682083896865671
N1000_q0.05_d0.02,eb_predictable,0.02,0.05,1000,0.999663,1.0,0,0.0,0.999,1,0.001,0.0,0.003682083896865671
N1000_q0.05_d0.02,hoeffding_grid,0.02,0.05,1000,1.0,1.0,0,0.0,1.0,0,0.0,0.0,0.003682083896865671
N1000_q0.05_d0.02,normal_peeking,0.02,0.05,1000,0.461823,0.269,146,0.146,0.241,760,0.76,0.12468203828937678,0.16942537545385403
N1000_q0.05_d0.02,serfling_spending,0.02,0.05,1000,1.0,1.0,0,0.0,1.0,0,0.0,0.0,0.003682083896865671
N1000_q0.05_d0.022,completion,0.02,0.05,1000,0.999004,0.999,0,0.0,0.036,0,0.0,0.0,0.003682083896865671
N1000_q0.05_d0.022,eb_grid,0.02,0.05,1000,0.998986,0.999,0,0.0,0.036,0,0.0,0.0,0.003682083896865671
N1000_q0.05_d0.022,eb_predictable,0.02,0.05,1000,0.998057,0.999,0,0.0,0.036,3,0.003,0.0,0.003682083896865671
N1000_q0.05_d0.022,hoeffding_grid,0.02,0.05,1000,0.999004,0.999,0,0.0,0.036,0,0.0,0.0,0.003682083896865671
N1000_q0.05_d0.022,normal_peeking,0.02,0.05,1000,0.443098,0.2735,473,0.473,0.013,763,0.763,0.4416739674827332,0.5044854160069694
N1000_q0.05_d0.022,serfling_spending,0.02,0.05,1000,0.999004,0.999,0,0.0,0.036,0,0.0,0.0,0.003682083896865671
N1000_q0.05_d0.04,completion,0.02,0.05,1000,0.9817039999999999,0.982,0,0.0,0.0,0,0.0,0.0,0.003682083896865671
N1000_q0.05_d0.04,eb_grid,0.02,0.05,1000,0.757075,0.7635000000000001,0,0.0,0.0,0,0.0,0.0,0.003682083896865671
N1000_q0.05_d0.04,eb_predictable,0.02,0.05,1000,0.659938,0.6665000000000001,0,0.0,0.0,3,0.003,0.0,0.003682083896865671
N1000_q0.05_d0.04,hoeffding_grid,0.02,0.05,1000,0.9817039999999999,0.982,0,0.0,0.0,0,0.0,0.0,0.003682083896865671
N1000_q0.05_d0.04,normal_peeking,0.02,0.05,1000,0.158672,0.1055,366,0.366,0.002,739,0.739,0.3360757487848026,0.3967158587963668
N1000_q0.05_d0.04,serfling_spending,0.02,0.05,1000,0.9817039999999999,0.982,0,0.0,0.0,0,0.0,0.0,0.003682083896865671
N1000_q0.3_d-0.02,completion,0.02,0.05,1000,1.0,1.0,0,0.0,1.0,0,0.0,0.0,0.003682083896865671
N1000_q0.3_d-0.02,eb_grid,0.02,0.05,1000,1.0,1.0,0,0.0,1.0,0,0.0,0.0,0.003682083896865671
N1000_q0.3_d-0.02,eb_predictable,0.02,0.05,1000,0.996865,1.0,4,0.004,0.995,5,0.005,0.0010909079877259714,0.010209664683929871
N1000_q0.3_d-0.02,hoeffding_grid,0.02,0.05,1000,1.0,1.0,0,0.0,1.0,0,0.0,0.0,0.003682083896865671
N1000_q0.3_d-0.02,normal_peeking,0.02,0.05,1000,0.662303,0.822,404,0.404,0.326,677,0.677,0.3734077389198997,0.43515916165126617
N1000_q0.3_d-0.02,serfling_spending,0.02,0.05,1000,1.0,1.0,0,0.0,1.0,0,0.0,0.0,0.003682083896865671
N1000_q0.3_d0,completion,0.02,0.05,1000,0.982727,0.983,0,0.0,0.0,0,0.0,0.0,0.003682083896865671
N1000_q0.3_d0,eb_grid,0.02,0.05,1000,0.979711,0.981,0,0.0,0.0,3,0.003,0.0,0.003682083896865671
N1000_q0.3_d0,eb_predictable,0.02,0.05,1000,0.980688,0.982,2,0.002,0.0,12,0.012,0.00024230111687723185,0.007205838911457497
N1000_q0.3_d0,hoeffding_grid,0.02,0.05,1000,0.982713,0.983,0,0.0,0.0,0,0.0,0.0,0.003682083896865671
N1000_q0.3_d0,normal_peeking,0.02,0.05,1000,0.583071,0.702,205,0.205,0.003,694,0.694,0.18037676898868157,0.2313731049339199
N1000_q0.3_d0,serfling_spending,0.02,0.05,1000,0.982727,0.983,0,0.0,0.0,0,0.0,0.0,0.003682083896865671
N1000_q0.3_d0.018,completion,0.02,0.05,1000,0.998833,0.999,0,0.0,0.13,0,0.0,0.0,0.003682083896865671
N1000_q0.3_d0.018,eb_grid,0.02,0.05,1000,0.998795,0.999,0,0.0,0.13,1,0.001,0.0,0.003682083896865671
N1000_q0.3_d0.018,eb_predictable,0.02,0.05,1000,0.998752,0.999,0,0.0,0.129,2,0.002,0.0,0.003682083896865671
N1000_q0.3_d0.018,hoeffding_grid,0.02,0.05,1000,0.998833,0.999,0,0.0,0.13,0,0.0,0.0,0.003682083896865671
N1000_q0.3_d0.018,normal_peeking,0.02,0.05,1000,0.633823,0.735,312,0.312,0.042,706,0.706,0.2833731763872893,0.34173837614456914
N1000_q0.3_d0.018,serfling_spending,0.02,0.05,1000,0.998833,0.999,0,0.0,0.13,0,0.0,0.0,0.003682083896865671
N1000_q0.3_d0.02,completion,0.02,0.05,1000,1.0,1.0,0,0.0,1.0,0,0.0,0.0,0.003682083896865671
N1000_q0.3_d0.02,eb_grid,0.02,0.05,1000,1.0,1.0,0,0.0,1.0,0,0.0,0.0,0.003682083896865671
N1000_q0.3_d0.02,eb_predictable,0.02,0.05,1000,0.997403,1.0,3,0.003,0.995,5,0.005,0.0006190999316495713,0.008742023238478303
N1000_q0.3_d0.02,hoeffding_grid,0.02,0.05,1000,1.0,1.0,0,0.0,1.0,0,0.0,0.0,0.003682083896865671
N1000_q0.3_d0.02,normal_peeking,0.02,0.05,1000,0.638303,0.7515000000000001,385,0.385,0.3,702,0.702,0.3547175030177319,0.4159617164035918
N1000_q0.3_d0.02,serfling_spending,0.02,0.05,1000,1.0,1.0,0,0.0,1.0,0,0.0,0.0,0.003682083896865671
N1000_q0.3_d0.022,completion,0.02,0.05,1000,0.998881,0.999,0,0.0,0.154,0,0.0,0.0,0.003682083896865671
N1000_q0.3_d0.022,eb_grid,0.02,0.05,1000,0.998287,0.999,1,0.001,0.154,2,0.002,2.531748749129404e-05,0.005558924279826672
N1000_q0.3_d0.022,eb_predictable,0.02,0.05,1000,0.997321,0.999,1,0.001,0.154,3,0.003,2.531748749129404e-05,0.005558924279826672
N1000_q0.3_d0.022,hoeffding_grid,0.02,0.05,1000,0.998881,0.999,0,0.0,0.154,0,0.0,0.0,0.003682083896865671
N1000_q0.3_d0.022,normal_peeking,0.02,0.05,1000,0.6359969999999999,0.7745,238,0.238,0.064,696,0.696,0.21190840581377113,0.265643680723256
N1000_q0.3_d0.022,serfling_spending,0.02,0.05,1000,0.998881,0.999,0,0.0,0.154,0,0.0,0.0,0.003682083896865671
N1000_q0.3_d0.04,completion,0.02,0.05,1000,0.9815219999999999,0.982,0,0.0,0.0,0,0.0,0.0,0.003682083896865671
N1000_q0.3_d0.04,eb_grid,0.02,0.05,1000,0.949303,0.969,0,0.0,0.0,0,0.0,0.0,0.003682083896865671
N1000_q0.3_d0.04,eb_predictable,0.02,0.05,1000,0.94804,0.98,0,0.0,0.0,2,0.002,0.0,0.003682083896865671
N1000_q0.3_d0.04,hoeffding_grid,0.02,0.05,1000,0.981187,0.982,0,0.0,0.0,0,0.0,0.0,0.003682083896865671
N1000_q0.3_d0.04,normal_peeking,0.02,0.05,1000,0.436151,0.443,92,0.092,0.005,705,0.705,0.07480844517785548,0.11163577251831963
N1000_q0.3_d0.04,serfling_spending,0.02,0.05,1000,0.981514,0.982,0,0.0,0.0,0,0.0,0.0,0.003682083896865671
N1000_q0.8_d-0.02,completion,0.02,0.05,1000,1.0,1.0,0,0.0,1.0,0,0.0,0.0,0.003682083896865671
N1000_q0.8_d-0.02,eb_grid,0.02,0.05,1000,0.999974,1.0,0,0.0,0.999,1,0.001,0.0,0.003682083896865671
N1000_q0.8_d-0.02,eb_predictable,0.02,0.05,1000,0.995203,1.0,6,0.006,0.989,11,0.011,0.0022049824851513773,0.013013423270974496
N1000_q0.8_d-0.02,hoeffding_grid,0.02,0.05,1000,0.999974,1.0,0,0.0,0.999,1,0.001,0.0,0.003682083896865671
N1000_q0.8_d-0.02,normal_peeking,0.02,0.05,1000,0.634398,0.836,454,0.454,0.315,690,0.69,0.422816049720399,0.48545550813337884
N1000_q0.8_d-0.02,serfling_spending,0.02,0.05,1000,1.0,1.0,0,0.0,1.0,0,0.0,0.0,0.003682083896865671
N1000_q0.8_d0,completion,0.02,0.05,1000,0.9838429999999999,0.984,0,0.0,0.0,0,0.0,0.0,0.003682083896865671
N1000_q0.8_d0,eb_grid,0.02,0.05,1000,0.983595,0.9835,0,0.0,0.0,0,0.0,0.0,0.003682083896865671
N1000_q0.8_d0,eb_predictable,0.02,0.05,1000,0.978834,0.984,6,0.006,0.0,15,0.015,0.0022049824851513773,0.013013423270974496
N1000_q0.8_d0,hoeffding_grid,0.02,0.05,1000,0.983669,0.984,0,0.0,0.0,3,0.003,0.0,0.003682083896865671
N1000_q0.8_d0,normal_peeking,0.02,0.05,1000,0.617385,0.843,310,0.31,0.003,698,0.698,0.2814295903630808,0.33969383103732015
N1000_q0.8_d0,serfling_spending,0.02,0.05,1000,0.9838429999999999,0.984,0,0.0,0.0,0,0.0,0.0,0.003682083896865671
N1000_q0.8_d0.018,completion,0.02,0.05,1000,0.998662,0.999,0,0.0,0.37,0,0.0,0.0,0.003682083896865671
N1000_q0.8_d0.018,eb_grid,0.02,0.05,1000,0.997827,0.999,1,0.001,0.368,2,0.002,2.531748749129404e-05,0.005558924279826672
N1000_q0.8_d0.018,eb_predictable,0.02,0.05,1000,0.994282,0.999,5,0.005,0.367,9,0.009,0.00162541951756276,0.011629470559812147
N1000_q0.8_d0.018,hoeffding_grid,0.02,0.05,1000,0.997823,0.999,1,0.001,0.368,2,0.002,2.531748749129404e-05,0.005558924279826672
N1000_q0.8_d0.018,normal_peeking,0.02,0.05,1000,0.661417,0.8585,345,0.345,0.139,675,0.675,0.3155299232756725,0.37538600230486446
N1000_q0.8_d0.018,serfling_spending,0.02,0.05,1000,0.998662,0.999,0,0.0,0.37,0,0.0,0.0,0.003682083896865671
N1000_q0.8_d0.02,completion,0.02,0.05,1000,1.0,1.0,0,0.0,1.0,0,0.0,0.0,0.003682083896865671
N1000_q0.8_d0.02,eb_grid,0.02,0.05,1000,0.99993,1.0,1,0.001,0.999,1,0.001,2.531748749129404e-05,0.005558924279826672
N1000_q0.8_d0.02,eb_predictable,0.02,0.05,1000,0.997521,1.0,3,0.003,0.996,4,0.004,0.0006190999316495713,0.008742023238478303
N1000_q0.8_d0.02,hoeffding_grid,0.02,0.05,1000,0.999936,1.0,1,0.001,0.999,1,0.001,2.531748749129404e-05,0.005558924279826672
N1000_q0.8_d0.02,normal_peeking,0.02,0.05,1000,0.656251,0.852,440,0.44,0.302,702,0.702,0.4089496603503837,0.4714045675222563
N1000_q0.8_d0.02,serfling_spending,0.02,0.05,1000,1.0,1.0,0,0.0,1.0,0,0.0,0.0,0.003682083896865671
N1000_q0.8_d0.022,completion,0.02,0.05,1000,0.998846,0.999,0,0.0,0.411,0,0.0,0.0,0.003682083896865671
N1000_q0.8_d0.022,eb_grid,0.02,0.05,1000,0.997932,0.999,1,0.001,0.41,1,0.001,2.531748749129404e-05,0.005558924279826672
N1000_q0.8_d0.022,eb_predictable,0.02,0.05,1000,0.9934890000000001,0.999,3,0.003,0.408,8,0.008,0.0006190999316495713,0.008742023238478303
N1000_q0.8_d0.022,hoeffding_grid,0.02,0.05,1000,0.9979260000000001,0.999,1,0.001,0.41,1,0.001,2.531748749129404e-05,0.005558924279826672
N1000_q0.8_d0.022,normal_peeking,0.02,0.05,1000,0.631338,0.8055000000000001,292,0.292,0.107,710,0.71,0.2639658854305837,0.32126443305845875
N1000_q0.8_d0.022,serfling_spending,0.02,0.05,1000,0.9987659999999999,0.999,2,0.002,0.41,2,0.002,0.00024230111687723185,0.007205838911457497
N1000_q0.8_d0.04,completion,0.02,0.05,1000,0.981462,0.982,0,0.0,0.0,0,0.0,0.0,0.003682083896865671
N1000_q0.8_d0.04,eb_grid,0.02,0.05,1000,0.9740979999999999,0.981,0,0.0,0.0,3,0.003,0.0,0.003682083896865671
N1000_q0.8_d0.04,eb_predictable,0.02,0.05,1000,0.972358,0.982,2,0.002,0.0,9,0.009,0.00024230111687723185,0.007205838911457497
N1000_q0.8_d0.04,hoeffding_grid,0.02,0.05,1000,0.975675,0.982,0,0.0,0.0,4,0.004,0.0,0.003682083896865671
N1000_q0.8_d0.04,normal_peeking,0.02,0.05,1000,0.518916,0.6074999999999999,127,0.127,0.003,699,0.699,0.10698432694945341,0.14924003033485814
N1000_q0.8_d0.04,serfling_spending,0.02,0.05,1000,0.980166,0.982,0,0.0,0.0,1,0.001,0.0,0.003682083896865671
N200_q0.05_d-0.02,completion,0.02,0.05,1000,1.0,1.0,0,0.0,1.0,0,0.0,0.0,0.003682083896865671
N200_q0.05_d-0.02,eb_grid,0.02,0.05,1000,1.0,1.0,0,0.0,1.0,0,0.0,0.0,0.003682083896865671
N200_q0.05_d-0.02,eb_predictable,0.02,0.05,1000,1.0,1.0,0,0.0,1.0,0,0.0,0.0,0.003682083896865671
N200_q0.05_d-0.02,hoeffding_grid,0.02,0.05,1000,1.0,1.0,0,0.0,1.0,0,0.0,0.0,0.003682083896865671
N200_q0.05_d-0.02,normal_peeking,0.02,0.05,1000,0.604635,0.6975,110,0.11,0.35,650,0.65,0.09127777445946614,0.13105246363748774
N200_q0.05_d-0.02,serfling_spending,0.02,0.05,1000,1.0,1.0,0,0.0,1.0,0,0.0,0.0,0.003682083896865671
N200_q0.05_d0,completion,0.02,0.05,1000,0.9858049999999999,0.985,0,0.0,0.0,0,0.0,0.0,0.003682083896865671
N200_q0.05_d0,eb_grid,0.02,0.05,1000,0.985795,0.985,0,0.0,0.0,0,0.0,0.0,0.003682083896865671
N200_q0.05_d0,eb_predictable,0.02,0.05,1000,0.98577,0.985,0,0.0,0.0,0,0.0,0.0,0.003682083896865671
N200_q0.05_d0,hoeffding_grid,0.02,0.05,1000,0.9858049999999999,0.985,0,0.0,0.0,0,0.0,0.0,0.003682083896865671
N200_q0.05_d0,normal_peeking,0.02,0.05,1000,0.5101,0.64,5,0.005,0.002,517,0.517,0.00162541951756276,0.011629470559812147
N200_q0.05_d0,serfling_spending,0.02,0.05,1000,0.9858049999999999,0.985,0,0.0,0.0,0,0.0,0.0,0.003682083896865671
N200_q0.05_d0.018,completion,0.02,0.05,1000,1.0,1.0,0,0.0,1.0,0,0.0,0.0,0.003682083896865671
N200_q0.05_d0.018,eb_grid,0.02,0.05,1000,1.0,1.0,0,0.0,1.0,0,0.0,0.0,0.003682083896865671
N200_q0.05_d0.018,eb_predictable,0.02,0.05,1000,1.0,1.0,0,0.0,1.0,0,0.0,0.0,0.003682083896865671
N200_q0.05_d0.018,hoeffding_grid,0.02,0.05,1000,1.0,1.0,0,0.0,1.0,0,0.0,0.0,0.003682083896865671
N200_q0.05_d0.018,normal_peeking,0.02,0.05,1000,0.5981799999999999,0.685,97,0.097,0.353,650,0.65,0.0793644718293639,0.11704784398028709
N200_q0.05_d0.018,serfling_spending,0.02,0.05,1000,1.0,1.0,0,0.0,1.0,0,0.0,0.0,0.003682083896865671
N200_q0.05_d0.02,completion,0.02,0.05,1000,1.0,1.0,0,0.0,1.0,0,0.0,0.0,0.003682083896865671
N200_q0.05_d0.02,eb_grid,0.02,0.05,1000,1.0,1.0,0,0.0,1.0,0,0.0,0.0,0.003682083896865671
N200_q0.05_d0.02,eb_predictable,0.02,0.05,1000,1.0,1.0,0,0.0,1.0,0,0.0,0.0,0.003682083896865671
N200_q0.05_d0.02,hoeffding_grid,0.02,0.05,1000,1.0,1.0,0,0.0,1.0,0,0.0,0.0,0.003682083896865671
N200_q0.05_d0.02,normal_peeking,0.02,0.05,1000,0.62661,0.815,113,0.113,0.386,619,0.619,0.09403966675438756,0.13427178080353835
N200_q0.05_d0.02,serfling_spending,0.02,0.05,1000,1.0,1.0,0,0.0,1.0,0,0.0,0.0,0.003682083896865671
N200_q0.05_d0.022,completion,0.02,0.05,1000,1.0,1.0,0,0.0,1.0,0,0.0,0.0,0.003682083896865671
N200_q0.05_d0.022,eb_grid,0.02,0.05,1000,1.0,1.0,0,0.0,1.0,0,0.0,0.0,0.003682083896865671
N200_q0.05_d0.022,eb_predictable,0.02,0.05,1000,1.0,1.0,0,0.0,1.0,0,0.0,0.0,0.003682083896865671
N200_q0.05_d0.022,hoeffding_grid,0.02,0.05,1000,1.0,1.0,0,0.0,1.0,0,0.0,0.0,0.003682083896865671
N200_q0.05_d0.022,normal_peeking,0.02,0.05,1000,0.5688200000000001,0.615,107,0.107,0.334,667,0.667,0.08852043664251635,0.12782864411706796
N200_q0.05_d0.022,serfling_spending,0.02,0.05,1000,1.0,1.0,0,0.0,1.0,0,0.0,0.0,0.003682083896865671
N200_q0.05_d0.04,completion,0.02,0.05,1000,0.98558,0.985,0,0.0,0.0,0,0.0,0.0,0.003682083896865671
N200_q0.05_d0.04,eb_grid,0.02,0.05,1000,0.9849600000000001,0.985,0,0.0,0.0,0,0.0,0.0,0.003682083896865671
N200_q0.05_d0.04,eb_predictable,0.02,0.05,1000,0.97984,0.985,0,0.0,0.0,0,0.0,0.0,0.003682083896865671
N200_q0.05_d0.04,hoeffding_grid,0.02,0.05,1000,0.98558,0.985,0,0.0,0.0,0,0.0,0.0,0.003682083896865671
N200_q0.05_d0.04,normal_peeking,0.02,0.05,1000,0.40728000000000003,0.395,368,0.368,0.004,658,0.658,0.3380357136149592,0.39874405992252415
N200_q0.05_d0.04,serfling_spending,0.02,0.05,1000,0.98558,0.985,0,0.0,0.0,0,0.0,0.0,0.003682083896865671
N200_q0.3_d-0.02,completion,0.02,0.05,1000,1.0,1.0,0,0.0,1.0,0,0.0,0.0,0.003682083896865671
N200_q0.3_d-0.02,eb_grid,0.02,0.05,1000,1.0,1.0,0,0.0,1.0,0,0.0,0.0,0.003682083896865671
N200_q0.3_d-0.02,eb_predictable,0.02,0.05,1000,0.99936,1.0,1,0.001,0.998,2,0.002,2.531748749129404e-05,0.005558924279826672
N200_q0.3_d-0.02,hoeffding_grid,0.02,0.05,1000,1.0,1.0,0,0.0,1.0,0,0.0,0.0,0.003682083896865671
N200_q0.3_d-0.02,normal_peeking,0.02,0.05,1000,0.775975,0.965,305,0.305,0.459,548,0.548,0.2765733695316622,0.3345797312373533
N200_q0.3_d-0.02,serfling_spending,0.02,0.05,1000,1.0,1.0,0,0.0,1.0,0,0.0,0.0,0.003682083896865671
N200_q0.3_d0,completion,0.02,0.05,1000,0.98805,0.99,0,0.0,0.0,0,0.0,0.0,0.003682083896865671
N200_q0.3_d0,eb_grid,0.02,0.05,1000,0.98805,0.99,0,0.0,0.0,0,0.0,0.0,0.003682083896865671
N200_q0.3_d0,eb_predictable,0.02,0.05,1000,0.988065,0.99,0,0.0,0.002,4,0.004,0.0,0.003682083896865671
N200_q0.3_d0,hoeffding_grid,0.02,0.05,1000,0.98805,0.99,0,0.0,0.0,0,0.0,0.0,0.003682083896865671
N200_q0.3_d0,normal_peeking,0.02,0.05,1000,0.7977000000000001,0.94,188,0.188,0.023,542,0.542,0.16423072340131883,0.21362154016312893
N200_q0.3_d0,serfling_spending,0.02,0.05,1000,0.98805,0.99,0,0.0,0.0,0,0.0,0.0,0.003682083896865671
N200_q0.3_d0.018,completion,0.02,0.05,1000,1.0,1.0,0,0.0,1.0,0,0.0,0.0,0.003682083896865671
N200_q0.3_d0.018,eb_grid,0.02,0.05,1000,1.0,1.0,0,0.0,1.0,0,0.0,0.0,0.003682083896865671
N200_q0.3_d0.018,eb_predictable,0.02,0.05,1000,0.999955,1.0,0,0.0,0.998,2,0.002,0.0,0.003682083896865671
N200_q0.3_d0.018,hoeffding_grid,0.02,0.05,1000,1.0,1.0,0,0.0,1.0,0,0.0,0.0,0.003682083896865671
N200_q0.3_d0.018,normal_peeking,0.02,0.05,1000,0.80202,0.965,318,0.318,0.464,545,0.545,0.2892076550639287,0.34786830032820454
N200_q0.3_d0.018,serfling_spending,0.02,0.05,1000,1.0,1.0,0,0.0,1.0,0,0.0,0.0,0.003682083896865671
N200_q0.3_d0.02,completion,0.02,0.05,1000,1.0,1.0,0,0.0,1.0,0,0.0,0.0,0.003682083896865671
N200_q0.3_d0.02,eb_grid,0.02,0.05,1000,1.0,1.0,0,0.0,1.0,0,0.0,0.0,0.003682083896865671
N200_q0.3_d0.02,eb_predictable,0.02,0.05,1000,0.9995499999999999,1.0,1,0.001,0.998,2,0.002,2.531748749129404e-05,0.005558924279826672
N200_q0.3_d0.02,hoeffding_grid,0.02,0.05,1000,1.0,1.0,0,0.0,1.0,0,0.0,0.0,0.003682083896865671
N200_q0.3_d0.02,normal_peeking,0.02,0.05,1000,0.804845,0.985,297,0.297,0.475,536,0.536,0.26881168337948175,0.3263889268321872
N200_q0.3_d0.02,serfling_spending,0.02,0.05,1000,1.0,1.0,0,0.0,1.0,0,0.0,0.0,0.003682083896865671
N200_q0.3_d0.022,completion,0.02,0.05,1000,1.0,1.0,0,0.0,1.0,0,0.0,0.0,0.003682083896865671
N200_q0.3_d0.022,eb_grid,0.02,0.05,1000,1.0,1.0,0,0.0,1.0,0,0.0,0.0,0.003682083896865671
N200_q0.3_d0.022,eb_predictable,0.02,0.05,1000,1.0,1.0,0,0.0,1.0,0,0.0,0.0,0.003682083896865671
N200_q0.3_d0.022,hoeffding_grid,0.02,0.05,1000,1.0,1.0,0,0.0,1.0,0,0.0,0.0,0.003682083896865671
N200_q0.3_d0.022,normal_peeking,0.02,0.05,1000,0.771795,0.96,345,0.345,0.445,566,0.566,0.3155299232756725,0.37538600230486446
N200_q0.3_d0.022,serfling_spending,0.02,0.05,1000,1.0,1.0,0,0.0,1.0,0,0.0,0.0,0.003682083896865671
N200_q0.3_d0.04,completion,0.02,0.05,1000,0.9847400000000001,0.985,0,0.0,0.0,0,0.0,0.0,0.003682083896865671
N200_q0.3_d0.04,eb_grid,0.02,0.05,1000,0.9846,0.985,0,0.0,0.0,0,0.0,0.0,0.003682083896865671
N200_q0.3_d0.04,eb_predictable,0.02,0.05,1000,0.98066,0.985,1,0.001,0.0,3,0.003,2.531748749129404e-05,0.005558924279826672
N200_q0.3_d0.04,hoeffding_grid,0.02,0.05,1000,0.9847400000000001,0.985,0,0.0,0.0,0,0.0,0.0,0.003682083896865671
N200_q0.3_d0.04,normal_peeking,0.02,0.05,1000,0.670375,0.805,90,0.09,0.014,541,0.541,0.07299046645662285,0.10946657313833913
N200_q0.3_d0.04,serfling_spending,0.02,0.05,1000,0.9847400000000001,0.985,0,0.0,0.0,0,0.0,0.0,0.003682083896865671
N200_q0.8_d-0.02,completion,0.02,0.05,1000,1.0,1.0,0,0.0,1.0,0,0.0,0.0,0.003682083896865671
N200_q0.8_d-0.02,eb_grid,0.02,0.05,1000,1.0,1.0,0,0.0,1.0,0,0.0,0.0,0.003682083896865671
N200_q0.8_d-0.02,eb_predictable,0.02,0.05,1000,0.999355,1.0,1,0.001,0.998,2,0.002,2.531748749129404e-05,0.005558924279826672
N200_q0.8_d-0.02,hoeffding_grid,0.02,0.05,1000,1.0,1.0,0,0.0,1.0,0,0.0,0.0,0.003682083896865671
N200_q0.8_d-0.02,normal_peeking,0.02,0.05,1000,0.775235,0.975,362,0.362,0.467,537,0.537,0.33215748153610153,0.3926577969684547
N200_q0.8_d-0.02,serfling_spending,0.02,0.05,1000,1.0,1.0,0,0.0,1.0,0,0.0,0.0,0.003682083896865671
N200_q0.8_d0,completion,0.02,0.05,1000,0.9905750000000001,0.99,0,0.0,0.0,0,0.0,0.0,0.003682083896865671
N200_q0.8_d0,eb_grid,0.02,0.05,1000,0.9905750000000001,0.99,0,0.0,0.0,0,0.0,0.0,0.003682083896865671
N200_q0.8_d0,eb_predictable,0.02,0.05,1000,0.99054,0.99,0,0.0,0.0,5,0.005,0.0,0.003682083896865671
N200_q0.8_d0,hoeffding_grid,0.02,0.05,1000,0.9905649999999999,0.99,0,0.0,0.0,0,0.0,0.0,0.003682083896865671
N200_q0.8_d0,normal_peeking,0.02,0.05,1000,0.770685,0.9724999999999999,279,0.279,0.036,565,0.565,0.2513862309732199,0.3079213873519785
N200_q0.8_d0,serfling_spending,0.02,0.05,1000,0.9905750000000001,0.99,0,0.0,0.0,0,0.0,0.0,0.003682083896865671
N200_q0.8_d0.018,completion,0.02,0.05,1000,1.0,1.0,0,0.0,1.0,0,0.0,0.0,0.003682083896865671
N200_q0.8_d0.018,eb_grid,0.02,0.05,1000,1.0,1.0,0,0.0,1.0,0,0.0,0.0,0.003682083896865671
N200_q0.8_d0.018,eb_predictable,0.02,0.05,1000,0.9988400000000001,1.0,2,0.002,0.998,2,0.002,0.00024230111687723185,0.007205838911457497
N200_q0.8_d0.018,hoeffding_grid,0.02,0.05,1000,1.0,1.0,0,0.0,1.0,0,0.0,0.0,0.003682083896865671
N200_q0.8_d0.018,normal_peeking,0.02,0.05,1000,0.768895,0.975,371,0.371,0.466,538,0.538,0.34097669449995255,0.40178532969026165
N200_q0.8_d0.018,serfling_spending,0.02,0.05,1000,1.0,1.0,0,0.0,1.0,0,0.0,0.0,0.003682083896865671
N200_q0.8_d0.02,completion,0.02,0.05,1000,1.0,1.0,0,0.0,1.0,0,0.0,0.0,0.003682083896865671
N200_q0.8_d0.02,eb_grid,0.02,0.05,1000,1.0,1.0,0,0.0,1.0,0,0.0,0.0,0.003682083896865671
N200_q0.8_d0.02,eb_predictable,0.02,0.05,1000,0.998185,1.0,3,0.003,0.997,3,0.003,0.0006190999316495713,0.008742023238478303
N200_q0.8_d0.02,hoeffding_grid,0.02,0.05,1000,0.99924,1.0,1,0.001,0.998,2,0.002,2.531748749129404e-05,0.005558924279826672
N200_q0.8_d0.02,normal_peeking,0.02,0.05,1000,0.765595,0.97,366,0.366,0.433,572,0.572,0.3360757487848026,0.3967158587963668
N200_q0.8_d0.02,serfling_spending,0.02,0.05,1000,1.0,1.0,0,0.0,1.0,0,0.0,0.0,0.003682083896865671
N200_q0.8_d0.022,completion,0.02,0.05,1000,1.0,1.0,0,0.0,1.0,0,0.0,0.0,0.003682083896865671
N200_q0.8_d0.022,eb_grid,0.02,0.05,1000,1.0,1.0,0,0.0,1.0,0,0.0,0.0,0.003682083896865671
N200_q0.8_d0.022,eb_predictable,0.02,0.05,1000,0.999675,1.0,1,0.001,0.998,3,0.003,2.531748749129404e-05,0.005558924279826672
N200_q0.8_d0.022,hoeffding_grid,0.02,0.05,1000,0.99998,1.0,0,0.0,0.999,1,0.001,0.0,0.003682083896865671
N200_q0.8_d0.022,normal_peeking,0.02,0.05,1000,0.773265,0.985,357,0.357,0.489,514,0.514,0.3272627849014865,0.38758208777896025
N200_q0.8_d0.022,serfling_spending,0.02,0.05,1000,1.0,1.0,0,0.0,1.0,0,0.0,0.0,0.003682083896865671
N200_q0.8_d0.04,completion,0.02,0.05,1000,0.9841949999999999,0.985,0,0.0,0.0,0,0.0,0.0,0.003682083896865671
N200_q0.8_d0.04,eb_grid,0.02,0.05,1000,0.9841949999999999,0.985,0,0.0,0.0,0,0.0,0.0,0.003682083896865671
N200_q0.8_d0.04,eb_predictable,0.02,0.05,1000,0.98138,0.985,0,0.0,0.0,2,0.002,0.0,0.003682083896865671
N200_q0.8_d0.04,hoeffding_grid,0.02,0.05,1000,0.98375,0.985,0,0.0,0.0,0,0.0,0.0,0.003682083896865671
N200_q0.8_d0.04,normal_peeking,0.02,0.05,1000,0.710755,0.88,115,0.115,0.018,536,0.536,0.09588337997326375,0.13641556786283285
N200_q0.8_d0.04,serfling_spending,0.02,0.05,1000,0.9841949999999999,0.985,0,0.0,0.0,0,0.0,0.0,0.003682083896865671
N5000_q0.05_d-0.02,completion,0.02,0.05,1000,1.0,1.0,0,0.0,1.0,0,0.0,0.0,0.003682083896865671
N5000_q0.05_d-0.02,eb_grid,0.02,0.05,1000,0.9997324,1.0,0,0.0,0.999,1,0.001,0.0,0.003682083896865671
N5000_q0.05_d-0.02,eb_predictable,0.02,0.05,1000,0.9963293999999999,1.0,2,0.002,0.992,8,0.008,0.00024230111687723185,0.007205838911457497
N5000_q0.05_d-0.02,hoeffding_grid,0.02,0.05,1000,1.0,1.0,0,0.0,1.0,0,0.0,0.0,0.003682083896865671
N5000_q0.05_d-0.02,normal_peeking,0.02,0.05,1000,0.36216699999999996,0.068,216,0.216,0.153,848,0.848,0.19086088726752587,0.24282293110399905
N5000_q0.05_d-0.02,serfling_spending,0.02,0.05,1000,1.0,1.0,0,0.0,1.0,0,0.0,0.0,0.003682083896865671
N5000_q0.05_d0,completion,0.02,0.05,1000,0.980534,0.9804,0,0.0,0.0,0,0.0,0.0,0.003682083896865671
N5000_q0.05_d0,eb_grid,0.02,0.05,1000,0.38840480000000005,0.3798,0,0.0,0.0,3,0.003,0.0,0.003682083896865671
N5000_q0.05_d0,eb_predictable,0.02,0.05,1000,0.3387058,0.3245,0,0.0,0.0,6,0.006,0.0,0.003682083896865671
N5000_q0.05_d0,hoeffding_grid,0.02,0.05,1000,0.9099058,0.9088,0,0.0,0.0,0,0.0,0.0,0.003682083896865671
N5000_q0.05_d0,normal_peeking,0.02,0.05,1000,0.069529,0.055,13,0.013,0.0,760,0.76,0.006939617502851475,0.022127803636778486
N5000_q0.05_d0,serfling_spending,0.02,0.05,1000,0.980534,0.9804,0,0.0,0.0,0,0.0,0.0,0.003682083896865671
N5000_q0.05_d0.018,completion,0.02,0.05,1000,0.998158,0.9982,0,0.0,0.0,0,0.0,0.0,0.003682083896865671
N5000_q0.05_d0.018,eb_grid,0.02,0.05,1000,0.9917974,0.998,0,0.0,0.0,0,0.0,0.0,0.003682083896865671
N5000_q0.05_d0.018,eb_predictable,0.02,0.05,1000,0.9874497999999999,0.9982,1,0.001,0.0,3,0.003,2.531748749129404e-05,0.005558924279826672
N5000_q0.05_d0.018,hoeffding_grid,0.02,0.05,1000,0.998158,0.9982,0,0.0,0.0,0,0.0,0.0,0.003682083896865671
N5000_q0.05_d0.018,normal_peeking,0.02,0.05,1000,0.304303,0.06670000000000001,85,0.085,0.002,850,0.85,0.06845727877099017,0.10403198577837726
N5000_q0.05_d0.018,serfling_spending,0.02,0.05,1000,0.998158,0.9982,0,0.0,0.0,0,0.0,0.0,0.003682083896865671
N5000_q0.05_d0.02,completion,0.02,0.05,1000,1.0,1.0,0,0.0,1.0,0,0.0,0.0,0.003682083896865671
N5000_q0.05_d0.02,eb_grid,0.02,0.05,1000,1.0,1.0,0,0.0,1.0,0,0.0,0.0,0.003682083896865671
N5000_q0.05_d0.02,eb_predictable,0.02,0.05,1000,0.9978014,1.0,2,0.002,0.995,5,0.005,0.00024230111687723185,0.007205838911457497
N5000_q0.05_d0.02,hoeffding_grid,0.02,0.05,1000,1.0,1.0,0,0.0,1.0,0,0.0,0.0,0.003682083896865671
N5000_q0.05_d0.02,normal_peeking,0.02,0.05,1000,0.34683420000000004,0.0548,182,0.182,0.148,853,0.853,0.15854965331143797,0.20733884949016518
N5000_q0.05_d0.02,serfling_spending,0.02,0.05,1000,1.0,1.0,0,0.0,1.0,0,0.0,0.0,0.003682083896865671
N5000_q0.05_d0.022,completion,0.02,0.05,1000,0.998242,0.9982,0,0.0,0.0,0,0.0,0.0,0.003682083896865671
N5000_q0.05_d0.022,eb_grid,0.02,0.05,1000,0.9929486,0.9982,0,0.0,0.0,2,0.002,0.0,0.003682083896865671
N5000_q0.05_d0.022,eb_predictable,0.02,0.05,1000,0.9906536,0.9982,0,0.0,0.0,5,0.005,0.0,0.003682083896865671
N5000_q0.05_d0.022,hoeffding_grid,0.02,0.05,1000,0.998242,0.9982,0,0.0,0.0,0,0.0,0.0,0.003682083896865671
N5000_q0.05_d0.022,normal_peeking,0.02,0.05,1000,0.3075532,0.0624,486,0.486,0.002,854,0.854,0.4546026136425795,0.517480027832917
N5000_q0.05_d0.022,serfling_spending,0.02,0.05,1000,0.998242,0.9982,0,0.0,0.0,0,0.0,0.0,0.003682083896865671
N5000_q0.05_d0.04,completion,0.02,0.05,1000,0.9809542,0.981,0,0.0,0.0,0,0.0,0.0,0.003682083896865671
N5000_q0.05_d0.04,eb_grid,0.02,0.05,1000,0.31896359999999996,0.3204,0,0.0,0.0,0,0.0,0.0,0.003682083896865671
N5000_q0.05_d0.04,eb_predictable,0.02,0.05,1000,0.24391300000000002,0.235,0,0.0,0.0,3,0.003,0.0,0.003682083896865671
N5000_q0.05_d0.04,hoeffding_grid,0.02,0.05,1000,0.895713,0.8968,0,0.0,0.0,0,0.0,0.0,0.003682083896865671
N5000_q0.05_d0.04,normal_peeking,0.02,0.05,1000,0.044693199999999995,0.0198,397,0.397,0.002,859,0.859,0.3665163044933976,0.4280919695508244
N5000_q0.05_d0.04,serfling_spending,0.02,0.05,1000,0.9809542,0.981,0,0.0,0.0,0,0.0,0.0,0.003682083896865671
N5000_q0.3_d-0.02,completion,0.02,0.05,1000,1.0,1.0,0,0.0,1.0,0,0.0,0.0,0.003682083896865671
N5000_q0.3_d-0.02,eb_grid,0.02,0.05,1000,0.9989254,1.0,1,0.001,0.997,3,0.003,2.531748749129404e-05,0.005558924279826672
N5000_q0.3_d-0.02,eb_predictable,0.02,0.05,1000,0.9942486,1.0,6,0.006,0.989,11,0.011,0.0022049824851513773,0.013013423270974496
N5000_q0.3_d-0.02,hoeffding_grid,0.02,0.05,1000,1.0,1.0,0,0.0,1.0,0,0.0,0.0,0.003682083896865671
N5000_q0.3_d-0.02,normal_peeking,0.02,0.05,1000,0.5038888,0.394,441,0.441,0.22,787,0.787,0.4099392979047346,0.4724090244299995
N5000_q0.3_d-0.02,serfling_spending,0.02,0.05,1000,1.0,1.0,0,0.0,1.0,0,0.0,0.0,0.003682083896865671
N5000_q0.3_d0,completion,0.02,0.05,1000,0.981043,0.981,0,0.0,0.0,0,0.0,0.0,0.003682083896865671
N5000_q0.3_d0,eb_grid,0.02,0.05,1000,0.7703244,0.7658,0,0.0,0.0,3,0.003,0.0,0.003682083896865671
N5000_q0.3_d0,eb_predictable,0.02,0.05,1000,0.9103116,0.9132,0,0.0,0.0,7,0.007,0.0,0.003682083896865671
N5000_q0.3_d0,hoeffding_grid,0.02,0.05,1000,0.9252024,0.9232,0,0.0,0.0,0,0.0,0.0,0.003682083896865671
N5000_q0.3_d0,normal_peeking,0.02,0.05,1000,0.3088908,0.3226,176,0.176,0.002,781,0.781,0.1528782896164314,0.20104651271780777
N5000_q0.3_d0,serfling_spending,0.02,0.05,1000,0.981043,0.981,0,0.0,0.0,0,0.0,0.0,0.003682083896865671
N5000_q0.3_d0.018,completion,0.02,0.05,1000,0.9981408,0.9982,0,0.0,0.0,0,0.0,0.0,0.003682083896865671
N5000_q0.3_d0.018,eb_grid,0.02,0.05,1000,0.9968386,0.9982,1,0.001,0.0,3,0.003,2.531748749129404e-05,0.005558924279826672
N5000_q0.3_d0.018,eb_predictable,0.02,0.05,1000,0.9949479999999999,0.9982,2,0.002,0.0,8,0.008,0.00024230111687723185,0.007205838911457497
N5000_q0.3_d0.018,hoeffding_grid,0.02,0.05,1000,0.9981408,0.9982,0,0.0,0.0,0,0.0,0.0,0.003682083896865671
N5000_q0.3_d0.018,normal_peeking,0.02,0.05,1000,0.48756560000000004,0.3805,312,0.312,0.004,820,0.82,0.2833731763872893,0.34173837614456914
N5000_q0.3_d0.018,serfling_spending,0.02,0.05,1000,0.9981408,0.9982,0,0.0,0.0,0,0.0,0.0,0.003682083896865671
N5000_q0.3_d0.02,completion,0.02,0.05,1000,1.0,1.0,0,0.0,1.0,0,0.0,0.0,0.003682083896865671
N5000_q0.3_d0.02,eb_grid,0.02,0.05,1000,0.9978396,1.0,2,0.002,0.996,4,0.004,0.00024230111687723185,0.007205838911457497
N5000_q0.3_d0.02,eb_predictable,0.02,0.05,1000,0.997501,1.0,3,0.003,0.995,5,0.005,0.0006190999316495713,0.008742023238478303
N5000_q0.3_d0.02,hoeffding_grid,0.02,0.05,1000,1.0,1.0,0,0.0,1.0,0,0.0,0.0,0.003682083896865671
N5000_q0.3_d0.02,normal_peeking,0.02,0.05,1000,0.48245659999999996,0.3067,419,0.419,0.228,777,0.777,0.38819662922677944,0.4502816384002601
N5000_q0.3_d0.02,serfling_spending,0.02,0.05,1000,1.0,1.0,0,0.0,1.0,0,0.0,0.0,0.003682083896865671
N5000_q0.3_d0.022,completion,0.02,0.05,1000,0.998198,0.9982,0,0.0,0.0,0,0.0,0.0,0.003682083896865671
N5000_q0.3_d0.022,eb_grid,0.02,0.05,1000,0.9971046,0.9982,1,0.001,0.0,3,0.003,2.531748749129404e-05,0.005558924279826672
N5000_q0.3_d0.022,eb_predictable,0.02,0.05,1000,0.9947792,0.9982,1,0.001,0.0,6,0.006,2.531748749129404e-05,0.005558924279826672
N5000_q0.3_d0.022,hoeffding_grid,0.02,0.05,1000,0.998198,0.9982,0,0.0,0.0,0,0.0,0.0,0.003682083896865671
N5000_q0.3_d0.022,normal_peeking,0.02,0.05,1000,0.4985304,0.40690000000000004,254,0.254,0.005,797,0.797,0.22727724051927112,0.28217930509803135
N5000_q0.3_d0.022,serfling_spending,0.02,0.05,1000,0.998198,0.9982,0,0.0,0.0,0,0.0,0.0,0.003682083896865671
N5000_q0.3_d0.04,completion,0.02,0.05,1000,0.9809358,0.981,0,0.0,0.0,0,0.0,0.0,0.003682083896865671
N5000_q0.3_d0.04,eb_grid,0.02,0.05,1000,0.6497763999999999,0.6755,0,0.0,0.0,6,0.006,0.0,0.003682083896865671
N5000_q0.3_d0.04,eb_predictable,0.02,0.05,1000,0.757127,0.8321000000000001,1,0.001,0.0,8,0.008,2.531748749129404e-05,0.005558924279826672
N5000_q0.3_d0.04,hoeffding_grid,0.02,0.05,1000,0.8851086,0.8953,0,0.0,0.0,0,0.0,0.0,0.003682083896865671
N5000_q0.3_d0.04,normal_peeking,0.02,0.05,1000,0.19204179999999998,0.134,95,0.095,0.001,816,0.816,0.07754020708165502,0.11488484440445199
N5000_q0.3_d0.04,serfling_spending,0.02,0.05,1000,0.9806214,0.981,0,0.0,0.0,0,0.0,0.0,0.003682083896865671
N5000_q0.8_d-0.02,completion,0.02,0.05,1000,1.0,1.0,0,0.0,1.0,0,0.0,0.0,0.003682083896865671
N5000_q0.8_d-0.02,eb_grid,0.02,0.05,1000,0.998227,1.0,3,0.003,0.995,5,0.005,0.0006190999316495713,0.008742023238478303
N5000_q0.8_d-0.02,eb_predictable,0.02,0.05,1000,0.9939438,1.0,7,0.007,0.989,11,0.011,0.002818858759620524,0.014369194978918632
N5000_q0.8_d-0.02,hoeffding_grid,0.02,0.05,1000,0.9981572,1.0,2,0.002,0.995,5,0.005,0.00024230111687723185,0.007205838911457497
N5000_q0.8_d-0.02,normal_peeking,0.02,0.05,1000,0.47475799999999996,0.41300000000000003,524,0.524,0.178,825,0.825,0.4925139676102947,0.5553443590710254
N5000_q0.8_d-0.02,serfling_spending,0.02,0.05,1000,1.0,1.0,0,0.0,1.0,0,0.0,0.0,0.003682083896865671
N5000_q0.8_d0,completion,0.02,0.05,1000,0.9815077999999999,0.9814,0,0.0,0.0,0,0.0,0.0,0.003682083896865671
N5000_q0.8_d0,eb_grid,0.02,0.05,1000,0.91984,0.9184,0,0.0,0.0,4,0.004,0.0,0.003682083896865671
N5000_q0.8_d0,eb_predictable,0.02,0.05,1000,0.9786816,0.9808,2,0.002,0.0,9,0.009,0.00024230111687723185,0.007205838911457497
N5000_q0.8_d0,hoeffding_grid,0.02,0.05,1000,0.9315366,0.932,2,0.002,0.0,3,0.003,0.00024230111687723185,0.007205838911457497
N5000_q0.8_d0,normal_peeking,0.02,0.05,1000,0.4185414,0.5015000000000001,289,0.289,0.004,808,0.808,0.261060378013249,0.31818777122711506
N5000_q0.8_d0,serfling_spending,0.02,0.05,1000,0.9814444,0.9814,0,0.0,0.0,0,0.0,0.0,0.003682083896865671
N5000_q0.8_d0.018,completion,0.02,0.05,1000,0.9981088,0.9982,0,0.0,0.0,0,0.0,0.0,0.003682083896865671
N5000_q0.8_d0.018,eb_grid,0.02,0.05,1000,0.9959728,0.9982,2,0.002,0.0,3,0.003,0.00024230111687723185,0.007205838911457497
N5000_q0.8_d0.018,eb_predictable,0.02,0.05,1000,0.9932416,0.9982,5,0.005,0.0,10,0.01,0.00162541951756276,0.011629470559812147
N5000_q0.8_d0.018,hoeffding_grid,0.02,0.05,1000,0.9962382,0.9982,2,0.002,0.0,2,0.002,0.00024230111687723185,0.007205838911457497
N5000_q0.8_d0.018,normal_peeking,0.02,0.05,1000,0.498333,0.47709999999999997,402,0.402,0.002,805,0.805,0.37143810083247897,0.4331406199351503
N5000_q0.8_d0.018,serfling_spending,0.02,0.05,1000,0.9981088,0.9982,0,0.0,0.0,0,0.0,0.0,0.003682083896865671
N5000_q0.8_d0.02,completion,0.02,0.05,1000,1.0,1.0,0,0.0,1.0,0,0.0,0.0,0.003682083896865671
N5000_q0.8_d0.02,eb_grid,0.02,0.05,1000,0.9987504,1.0,2,0.002,0.996,4,0.004,0.00024230111687723185,0.007205838911457497
N5000_q0.8_d0.02,eb_predictable,0.02,0.05,1000,0.9963474,1.0,4,0.004,0.989,11,0.011,0.0010909079877259714,0.010209664683929871
N5000_q0.8_d0.02,hoeffding_grid,0.02,0.05,1000,0.9990194,1.0,1,0.001,0.999,1,0.001,2.531748749129404e-05,0.005558924279826672
N5000_q0.8_d0.02,normal_peeking,0.02,0.05,1000,0.4723366,0.4242,534,0.534,0.179,822,0.822,0.5025203702102629,0.5652789211122722
N5000_q0.8_d0.02,serfling_spending,0.02,0.05,1000,1.0,1.0,0,0.0,1.0,0,0.0,0.0,0.003682083896865671
N5000_q0.8_d0.022,completion,0.02,0.05,1000,0.9981523999999999,0.9982,0,0.0,0.0,0,0.0,0.0,0.003682083896865671
N5000_q0.8_d0.022,eb_grid,0.02,0.05,1000,0.9961514,0.9982,1,0.001,0.0,4,0.004,2.531748749129404e-05,0.005558924279826672
N5000_q0.8_d0.022,eb_predictable,0.02,0.05,1000,0.9917288,0.9982,7,0.007,0.0,13,0.013,0.002818858759620524,0.014369194978918632
N5000_q0.8_d0.022,hoeffding_grid,0.02,0.05,1000,0.9948144,0.9982,1,0.001,0.0,3,0.003,2.531748749129404e-05,0.005558924279826672
N5000_q0.8_d0.022,normal_peeking,0.02,0.05,1000,0.4767416,0.4005,288,0.288,0.006,819,0.819,0.2600922071007793,0.3171618867161928
N5000_q0.8_d0.022,serfling_spending,0.02,0.05,1000,0.9981523999999999,0.9982,0,0.0,0.0,0,0.0,0.0,0.003682083896865671
N5000_q0.8_d0.04,completion,0.02,0.05,1000,0.9808437999999999,0.9808,0,0.0,0.0,0,0.0,0.0,0.003682083896865671
N5000_q0.8_d0.04,eb_grid,0.02,0.05,1000,0.8296352,0.8694999999999999,0,0.0,0.0,4,0.004,0.0,0.003682083896865671
N5000_q0.8_d0.04,eb_predictable,0.02,0.05,1000,0.9296548,0.9796,2,0.002,0.0,10,0.01,0.00024230111687723185,0.007205838911457497
N5000_q0.8_d0.04,hoeffding_grid,0.02,0.05,1000,0.855801,0.8889,1,0.001,0.0,4,0.004,2.531748749129404e-05,0.005558924279826672
N5000_q0.8_d0.04,normal_peeking,0.02,0.05,1000,0.2648028,0.1837,131,0.131,0.0,805,0.805,0.11069846103121972,0.15350117040015693
N5000_q0.8_d0.04,serfling_spending,0.02,0.05,1000,0.970154,0.9808,0,0.0,0.0,1,0.001,0.0,0.003682083896865671
alpha0.01_d0,completion,0.02,0.01,1000,0.982721,0.982,0,0.0,0.0,0,0.0,0.0,0.003682083896865671
alpha0.01_d0,eb_grid,0.02,0.01,1000,0.9820409999999999,0.982,0,0.0,0.0,0,0.0,0.0,0.003682083896865671
alpha0.01_d0,eb_predictable,0.02,0.01,1000,0.982471,0.982,0,0.0,0.0,1,0.001,0.0,0.003682083896865671
alpha0.01_d0,hoeffding_grid,0.02,0.01,1000,0.982721,0.982,0,0.0,0.0,0,0.0,0.0,0.003682083896865671
alpha0.01_d0,normal_peeking,0.02,0.01,1000,0.797157,0.851,61,0.061,0.0,281,0.281,0.04697787554108021,0.07767077404912352
alpha0.01_d0,serfling_spending,0.02,0.01,1000,0.982721,0.982,0,0.0,0.0,0,0.0,0.0,0.003682083896865671
alpha0.01_d0.02,completion,0.02,0.01,1000,1.0,1.0,0,0.0,1.0,0,0.0,0.0,0.003682083896865671
alpha0.01_d0.02,eb_grid,0.02,0.01,1000,1.0,1.0,0,0.0,1.0,0,0.0,0.0,0.003682083896865671
alpha0.01_d0.02,eb_predictable,0.02,0.01,1000,0.999419,1.0,1,0.001,0.998,2,0.002,2.531748749129404e-05,0.005558924279826672
alpha0.01_d0.02,hoeffding_grid,0.02,0.01,1000,1.0,1.0,0,0.0,1.0,0,0.0,0.0,0.003682083896865671
alpha0.01_d0.02,normal_peeking,0.02,0.01,1000,0.896292,1.0,138,0.138,0.75,250,0.25,0.11721358230858084,0.16094292161133156
alpha0.01_d0.02,serfling_spending,0.02,0.01,1000,1.0,1.0,0,0.0,1.0,0,0.0,0.0,0.003682083896865671
alpha0.01_d0.08,completion,0.02,0.01,1000,0.9453259999999999,0.945,0,0.0,0.0,0,0.0,0.0,0.003682083896865671
alpha0.01_d0.08,eb_grid,0.02,0.01,1000,0.63998,0.649,0,0.0,0.0,0,0.0,0.0,0.003682083896865671
alpha0.01_d0.08,eb_predictable,0.02,0.01,1000,0.6395069999999999,0.665,0,0.0,0.0,1,0.001,0.0,0.003682083896865671
alpha0.01_d0.08,hoeffding_grid,0.02,0.01,1000,0.8523099999999999,0.859,0,0.0,0.0,0,0.0,0.0,0.003682083896865671
alpha0.01_d0.08,normal_peeking,0.02,0.01,1000,0.273529,0.2695,8,0.008,0.0,278,0.278,0.003459976165329311,0.015702049176074682
alpha0.01_d0.08,serfling_spending,0.02,0.01,1000,0.9444649999999999,0.945,0,0.0,0.0,0,0.0,0.0,0.003682083896865671
alpha0.1_d0,completion,0.02,0.1,1000,0.982833,0.983,0,0.0,0.0,0,0.0,0.0,0.003682083896865671
alpha0.1_d0,eb_grid,0.02,0.1,1000,0.977585,0.98,0,0.0,0.0,4,0.004,0.0,0.003682083896865671
alpha0.1_d0,eb_predictable,0.02,0.1,1000,0.9798089999999999,0.982,2,0.002,0.0,16,0.016,0.00024230111687723185,0.007205838911457497
alpha0.1_d0,hoeffding_grid,0.02,0.1,1000,0.9827659999999999,0.983,0,0.0,0.0,0,0.0,0.0,0.003682083896865671
alpha0.1_d0,normal_peeking,0.02,0.1,1000,0.426294,0.4635,328,0.328,0.008,916,0.916,0.2989440008425646,0.35807265577063513
alpha0.1_d0,serfling_spending,0.02,0.1,1000,0.982825,0.983,0,0.0,0.0,0,0.0,0.0,0.003682083896865671
alpha0.1_d0.02,completion,0.02,0.1,1000,1.0,1.0,0,0.0,1.0,0,0.0,0.0,0.003682083896865671
alpha0.1_d0.02,eb_grid,0.02,0.1,1000,0.9994550000000001,1.0,1,0.001,0.997,3,0.003,2.531748749129404e-05,0.005558924279826672
alpha0.1_d0.02,eb_predictable,0.02,0.1,1000,0.9964,1.0,4,0.004,0.987,13,0.013,0.0010909079877259714,0.010209664683929871
alpha0.1_d0.02,hoeffding_grid,0.02,0.1,1000,1.0,1.0,0,0.0,1.0,0,0.0,0.0,0.003682083896865671
alpha0.1_d0.02,normal_peeking,0.02,0.1,1000,0.481799,0.4485,516,0.516,0.113,898,0.898,0.4845177802207623,0.5473877721454373
alpha0.1_d0.02,serfling_spending,0.02,0.1,1000,1.0,1.0,0,0.0,1.0,0,0.0,0.0,0.003682083896865671
alpha0.1_d0.08,completion,0.02,0.1,1000,0.9453499999999999,0.945,0,0.0,0.0,0,0.0,0.0,0.003682083896865671
alpha0.1_d0.08,eb_grid,0.02,0.1,1000,0.525975,0.538,0,0.0,0.0,2,0.002,0.0,0.003682083896865671
alpha0.1_d0.08,eb_predictable,0.02,0.1,1000,0.475365,0.481,0,0.0,0.0,13,0.013,0.0,0.003682083896865671
alpha0.1_d0.08,hoeffding_grid,0.02,0.1,1000,0.76101,0.7735000000000001,0,0.0,0.0,0,0.0,0.0,0.003682083896865671
alpha0.1_d0.08,normal_peeking,0.02,0.1,1000,0.134063,0.084,56,0.056,0.011,929,0.929,0.04257554968661717,0.07210774628325273
alpha0.1_d0.08,serfling_spending,0.02,0.1,1000,0.921923,0.945,0,0.0,0.0,0,0.0,0.0,0.003682083896865671
constant_boundary,completion,0.02,0.05,1000,1.0,1.0,0,0.0,1.0,0,0.0,0.0,0.003682083896865671
constant_boundary,eb_grid,0.02,0.05,1000,1.0,1.0,0,0.0,1.0,0,0.0,0.0,0.003682083896865671
constant_boundary,eb_predictable,0.02,0.05,1000,1.0,1.0,0,0.0,1.0,0,0.0,0.0,0.003682083896865671
constant_boundary,hoeffding_grid,0.02,0.05,1000,1.0,1.0,0,0.0,1.0,0,0.0,0.0,0.003682083896865671
constant_boundary,normal_peeking,0.02,0.05,1000,1.0,1.0,0,0.0,1.0,0,0.0,0.0,0.003682083896865671
constant_boundary,serfling_spending,0.02,0.05,1000,1.0,1.0,0,0.0,1.0,0,0.0,0.0,0.003682083896865671
constant_equivalent,completion,0.02,0.05,1000,0.981,0.981,0,0.0,0.0,0,0.0,0.0,0.003682083896865671
constant_equivalent,eb_grid,0.02,0.05,1000,0.515,0.515,0,0.0,0.0,0,0.0,0.0,0.003682083896865671
constant_equivalent,eb_predictable,0.02,0.05,1000,0.523,0.523,0,0.0,0.0,0,0.0,0.0,0.003682083896865671
constant_equivalent,hoeffding_grid,0.02,0.05,1000,0.981,0.981,0,0.0,0.0,0,0.0,0.0,0.003682083896865671
constant_equivalent,normal_peeking,0.02,0.05,1000,0.02,0.02,0,0.0,0.0,0,0.0,0.0,0.003682083896865671
constant_equivalent,serfling_spending,0.02,0.05,1000,0.981,0.981,0,0.0,0.0,0,0.0,0.0,0.003682083896865671
eps0.01_d0,completion,0.01,0.05,1000,0.992236,0.992,0,0.0,0.0,0,0.0,0.0,0.003682083896865671
eps0.01_d0,eb_grid,0.01,0.05,1000,0.9921989999999999,0.992,0,0.0,0.0,0,0.0,0.0,0.003682083896865671
eps0.01_d0,eb_predictable,0.01,0.05,1000,0.9921899999999999,0.992,0,0.0,0.0,0,0.0,0.0,0.003682083896865671
eps0.01_d0,hoeffding_grid,0.01,0.05,1000,0.992236,0.992,0,0.0,0.0,0,0.0,0.0,0.003682083896865671
eps0.01_d0,normal_peeking,0.01,0.05,1000,0.628513,0.878,343,0.343,0.006,718,0.718,0.31357644886403707,0.37335132279556893
eps0.01_d0,serfling_spending,0.01,0.05,1000,0.992236,0.992,0,0.0,0.0,0,0.0,0.0,0.003682083896865671
eps0.01_d0.01,completion,0.01,0.05,1000,1.0,1.0,0,0.0,1.0,0,0.0,0.0,0.003682083896865671
eps0.01_d0.01,eb_grid,0.01,0.05,1000,1.0,1.0,0,0.0,1.0,0,0.0,0.0,0.003682083896865671
eps0.01_d0.01,eb_predictable,0.01,0.05,1000,0.999225,1.0,1,0.001,0.995,5,0.005,2.531748749129404e-05,0.005558924279826672
eps0.01_d0.01,hoeffding_grid,0.01,0.05,1000,1.0,1.0,0,0.0,1.0,0,0.0,0.0,0.003682083896865671
eps0.01_d0.01,normal_peeking,0.01,0.05,1000,0.669249,0.884,425,0.425,0.337,672,0.672,0.3941203218339532,0.4563225008918246
eps0.01_d0.01,serfling_spending,0.01,0.05,1000,1.0,1.0,0,0.0,1.0,0,0.0,0.0,0.003682083896865671
eps0.01_d0.02,completion,0.01,0.05,1000,0.9911949999999999,0.991,0,0.0,0.0,0,0.0,0.0,0.003682083896865671
eps0.01_d0.02,eb_grid,0.01,0.05,1000,0.989202,0.991,0,0.0,0.0,1,0.001,0.0,0.003682083896865671
eps0.01_d0.02,eb_predictable,0.01,0.05,1000,0.983694,0.991,1,0.001,0.0,7,0.007,2.531748749129404e-05,0.005558924279826672
eps0.01_d0.02,hoeffding_grid,0.01,0.05,1000,0.9911949999999999,0.991,0,0.0,0.0,0,0.0,0.0,0.003682083896865671
eps0.01_d0.02,normal_peeking,0.01,0.05,1000,0.532643,0.6205,142,0.142,0.008,701,0.701,0.12094489570974318,0.1651870383535972
eps0.01_d0.02,serfling_spending,0.01,0.05,1000,0.991165,0.991,0,0.0,0.0,0,0.0,0.0,0.003682083896865671
eps0.05_d0,completion,0.05,0.05,1000,0.9538499999999999,0.954,0,0.0,0.0,0,0.0,0.0,0.003682083896865671
eps0.05_d0,eb_grid,0.05,0.05,1000,0.757407,0.7525,0,0.0,0.0,0,0.0,0.0,0.003682083896865671
eps0.05_d0,eb_predictable,0.05,0.05,1000,0.794567,0.794,0,0.0,0.0,4,0.004,0.0,0.003682083896865671
eps0.05_d0,hoeffding_grid,0.05,0.05,1000,0.899668,0.898,0,0.0,0.0,0,0.0,0.0,0.003682083896865671
eps0.05_d0,normal_peeking,0.05,0.05,1000,0.314448,0.314,95,0.095,0.003,695,0.695,0.07754020708165502,0.11488484440445199
eps0.05_d0,serfling_spending,0.05,0.05,1000,0.9538449999999999,0.954,0,0.0,0.0,0,0.0,0.0,0.003682083896865671
eps0.05_d0.05,completion,0.05,0.05,1000,1.0,1.0,0,0.0,1.0,0,0.0,0.0,0.003682083896865671
eps0.05_d0.05,eb_grid,0.05,0.05,1000,1.0,1.0,0,0.0,1.0,0,0.0,0.0,0.003682083896865671
eps0.05_d0.05,eb_predictable,0.05,0.05,1000,0.9980439999999999,1.0,1,0.001,0.996,4,0.004,2.531748749129404e-05,0.005558924279826672
eps0.05_d0.05,hoeffding_grid,0.05,0.05,1000,1.0,1.0,0,0.0,1.0,0,0.0,0.0,0.003682083896865671
eps0.05_d0.05,normal_peeking,0.05,0.05,1000,0.61121,0.7745,354,0.354,0.305,695,0.695,0.324327652518398,0.3845349797344155
eps0.05_d0.05,serfling_spending,0.05,0.05,1000,1.0,1.0,0,0.0,1.0,0,0.0,0.0,0.003682083896865671
eps0.05_d0.1,completion,0.05,0.05,1000,0.9553929999999999,0.956,0,0.0,0.0,0,0.0,0.0,0.003682083896865671
eps0.05_d0.1,eb_grid,0.05,0.05,1000,0.65237,0.671,0,0.0,0.0,1,0.001,0.0,0.003682083896865671
eps0.05_d0.1,eb_predictable,0.05,0.05,1000,0.637835,0.678,0,0.0,0.0,6,0.006,0.0,0.003682083896865671
eps0.05_d0.1,hoeffding_grid,0.05,0.05,1000,0.8600140000000001,0.8694999999999999,0,0.0,0.0,0,0.0,0.0,0.003682083896865671
eps0.05_d0.1,normal_peeking,0.05,0.05,1000,0.20649,0.1605,42,0.042,0.003,723,0.723,0.030434706263140023,0.05635029157574473
eps0.05_d0.1,serfling_spending,0.05,0.05,1000,0.9548,0.956,0,0.0,0.0,0,0.0,0.0,0.003682083896865671
one_changed,completion,0.02,0.05,1000,1.0,1.0,0,0.0,1.0,0,0.0,0.0,0.003682083896865671
one_changed,eb_grid,0.02,0.05,1000,1.0,1.0,0,0.0,1.0,0,0.0,0.0,0.003682083896865671
one_changed,eb_predictable,0.02,0.05,1000,1.0,1.0,0,0.0,1.0,0,0.0,0.0,0.003682083896865671
one_changed,hoeffding_grid,0.02,0.05,1000,1.0,1.0,0,0.0,1.0,0,0.0,0.0,0.003682083896865671
one_changed,normal_peeking,0.02,0.05,1000,0.9942799999999999,1.0,0,0.0,0.978,978,0.978,0.0,0.003682083896865671
one_changed,serfling_spending,0.02,0.05,1000,1.0,1.0,0,0.0,1.0,0,0.0,0.0,0.003682083896865671
